Code ZA,Libellé ZA,NIVEAU,Date d?entrée,Date de sortie,Durée,Surface,AC Concerné,Numéro AR,Région,Bassin,Département,Type de zone (souterraine ou superficielle)
21_51_01,Craie de Champagne Nord,Alerte,15/07/2014,31/10/2014,108,2249.61,NA,28-2014-LE-SEC,Grand-Est,SEINE-NORMANDIE,Marne,Souterraine
21_51_10,Blaise,Alerte,15/07/2014,31/10/2014,108,114.57,NA,28-2014-LE-SEC,Grand-Est,SEINE-NORMANDIE,Marne,Superficielle
21_52_01,Saulx-Ornain,Alerte,01/07/2014,13/08/2014,43,167.59,NA,1687,Grand-Est,SEINE-NORMANDIE,Haute-Marne,Superficielle
21_52_02,Marne amont,Alerte,01/07/2014,13/08/2014,43,2372.59,NA,1687,Grand-Est,SEINE-NORMANDIE,Haute-Marne,Superficielle
21_52_03,Aube amont,Alerte,01/07/2014,13/08/2014,43,1209.15,NA,1687,Grand-Est,SEINE-NORMANDIE,Haute-Marne,Superficielle
21_52_04,Seine amont,Alerte,01/07/2014,13/08/2014,43,63.86,NA,1687,Grand-Est,SEINE-NORMANDIE,Haute-Marne,Superficielle
21_52_05,Blaise,Alerte,01/07/2014,13/08/2014,43,662.65,NA,1687,Grand-Est,SEINE-NORMANDIE,Haute-Marne,Superficielle
21_52_06,Meuse amont,Alerte,01/07/2014,13/08/2014,43,485.35,NA,1687,Grand-Est,RHIN-MEUSE,Haute-Marne,Superficielle
21_52_07,Saône amont,Alerte,01/07/2014,13/08/2014,43,1293.36,NA,1687,Grand-Est,RHONE-MEDITERRANEE-CORSE,Haute-Marne,Superficielle
24_18_0007,bassin de la Petite Sauldre et de la Rère,Alerte,19/09/2014,31/10/2014,42,616.89,NA,2014-3-0067,Centre-Val de Loire,LOIRE-BRETAGNE,Cher,Superficielle
24_18_0014,bassin de l'Yèvre amont,Alerte,17/04/2014,31/10/2014,197,613.02,NA,2014-3-0019,Centre-Val de Loire,LOIRE-BRETAGNE,Cher,Superficielle
24_36_0012,bassin de la Trégonce,Crise,28/06/2014,31/10/2014,125,98.88,NA,2014176-0009,Centre-Val de Loire,LOIRE-BRETAGNE,Indre,Superficielle
24_36_0013,bassin de la Ringoire,Crise,28/06/2014,31/10/2014,125,96.71,NA,2014176-0009,Centre-Val de Loire,LOIRE-BRETAGNE,Indre,Superficielle
26_21_01,bassin de la Saône,Alerte,27/06/2014,03/07/2014,6,436.15,NA,367,Bourgogne-Franche-Comté,RHONE-MEDITERRANEE-CORSE,Côte-d'Or,Superficielle
26_21_01,bassin de la Saône,Alerte,04/07/2014,15/08/2014,42,436.15,NA,404,Bourgogne-Franche-Comté,RHONE-MEDITERRANEE-CORSE,Côte-d'Or,Superficielle
26_21_02,bassin de la Tille amont,Alerte,20/06/2014,26/06/2014,6,702.89,NA,347,Bourgogne-Franche-Comté,RHONE-MEDITERRANEE-CORSE,Côte-d'Or,Superficielle
26_21_02,bassin de la Tille amont,Alerte,27/06/2014,03/07/2014,6,702.89,NA,367,Bourgogne-Franche-Comté,RHONE-MEDITERRANEE-CORSE,Côte-d'Or,Superficielle
26_21_02,bassin de la Tille amont,Alerte,16/08/2014,30/11/2014,106,702.89,NA,554,Bourgogne-Franche-Comté,RHONE-MEDITERRANEE-CORSE,Côte-d'Or,Superficielle
26_21_02,bassin de la Tille amont,Alerte renforcée,04/07/2014,15/08/2014,42,702.89,NA,404,Bourgogne-Franche-Comté,RHONE-MEDITERRANEE-CORSE,Côte-d'Or,Superficielle
26_21_03,bassin de la Vingeanne,Alerte,20/06/2014,26/06/2014,6,275.25,NA,347,Bourgogne-Franche-Comté,RHONE-MEDITERRANEE-CORSE,Côte-d'Or,Superficielle
26_21_03,bassin de la Vingeanne,Alerte,27/06/2014,03/07/2014,6,275.25,NA,367,Bourgogne-Franche-Comté,RHONE-MEDITERRANEE-CORSE,Côte-d'Or,Superficielle
26_21_03,bassin de la Vingeanne,Alerte,04/07/2014,15/08/2014,42,275.25,NA,404,Bourgogne-Franche-Comté,RHONE-MEDITERRANEE-CORSE,Côte-d'Or,Superficielle
26_21_04,bassin de la Bèze,Alerte,27/06/2014,03/07/2014,6,260.46,NA,367,Bourgogne-Franche-Comté,RHONE-MEDITERRANEE-CORSE,Côte-d'Or,Superficielle
26_21_04,bassin de la Bèze,Alerte,04/07/2014,15/08/2014,42,260.46,NA,404,Bourgogne-Franche-Comté,RHONE-MEDITERRANEE-CORSE,Côte-d'Or,Superficielle
26_21_04,bassin de la Bèze,Alerte,16/08/2014,30/11/2014,106,260.46,NA,554,Bourgogne-Franche-Comté,RHONE-MEDITERRANEE-CORSE,Côte-d'Or,Superficielle
26_21_05,bassin de la Tille aval,Alerte,20/06/2014,26/06/2014,6,507.17,NA,347,Bourgogne-Franche-Comté,RHONE-MEDITERRANEE-CORSE,Côte-d'Or,Superficielle
26_21_05,bassin de la Tille aval,Alerte,27/06/2014,03/07/2014,6,507.17,NA,367,Bourgogne-Franche-Comté,RHONE-MEDITERRANEE-CORSE,Côte-d'Or,Superficielle
26_21_05,bassin de la Tille aval,Alerte,16/08/2014,30/11/2014,106,507.17,NA,554,Bourgogne-Franche-Comté,RHONE-MEDITERRANEE-CORSE,Côte-d'Or,Superficielle
26_21_05,bassin de la Tille aval,Alerte renforcée,04/07/2014,15/08/2014,42,507.17,NA,404,Bourgogne-Franche-Comté,RHONE-MEDITERRANEE-CORSE,Côte-d'Or,Superficielle
26_21_06,bassin de la Vouge,Alerte,04/07/2014,15/08/2014,42,338.53,NA,404,Bourgogne-Franche-Comté,RHONE-MEDITERRANEE-CORSE,Côte-d'Or,Superficielle
26_21_07,bassin de la Bouzaise,Alerte,04/07/2014,15/08/2014,42,470.15,NA,404,Bourgogne-Franche-Comté,RHONE-MEDITERRANEE-CORSE,Côte-d'Or,Superficielle
26_21_09,bassin de l'Ouche amont,Alerte,20/06/2014,26/06/2014,6,845.74,NA,347,Bourgogne-Franche-Comté,RHONE-MEDITERRANEE-CORSE,Côte-d'Or,Superficielle
26_21_09,bassin de l'Ouche amont,Alerte,27/06/2014,03/07/2014,6,845.74,NA,367,Bourgogne-Franche-Comté,RHONE-MEDITERRANEE-CORSE,Côte-d'Or,Superficielle
26_21_09,bassin de l'Ouche amont,Alerte,04/07/2014,15/08/2014,42,845.74,NA,404,Bourgogne-Franche-Comté,RHONE-MEDITERRANEE-CORSE,Côte-d'Or,Superficielle
26_21_10,bassin de l'Arroux,Alerte,04/07/2014,15/08/2014,42,565.97,NA,404,Bourgogne-Franche-Comté,LOIRE-BRETAGNE,Côte-d'Or,Superficielle
26_21_11,bassin du Serein,Alerte,20/06/2014,26/06/2014,6,564.57,NA,347,Bourgogne-Franche-Comté,SEINE-NORMANDIE,Côte-d'Or,Superficielle
26_21_11,bassin du Serein,Alerte,27/06/2014,03/07/2014,6,564.57,NA,367,Bourgogne-Franche-Comté,SEINE-NORMANDIE,Côte-d'Or,Superficielle
26_21_11,bassin du Serein,Alerte,04/07/2014,15/08/2014,42,564.57,NA,404,Bourgogne-Franche-Comté,SEINE-NORMANDIE,Côte-d'Or,Superficielle
26_21_12,bassin de l'Armançon amont,Alerte,20/06/2014,26/06/2014,6,1396.94,NA,347,Bourgogne-Franche-Comté,SEINE-NORMANDIE,Côte-d'Or,Superficielle
26_21_12,bassin de l'Armançon amont,Alerte,27/06/2014,03/07/2014,6,1396.94,NA,367,Bourgogne-Franche-Comté,SEINE-NORMANDIE,Côte-d'Or,Superficielle
26_21_12,bassin de l'Armançon amont,Alerte,04/07/2014,15/08/2014,42,1396.94,NA,404,Bourgogne-Franche-Comté,SEINE-NORMANDIE,Côte-d'Or,Superficielle
26_21_13,bassin de la Laignes,Alerte,20/06/2014,26/06/2014,6,553.09,NA,347,Bourgogne-Franche-Comté,SEINE-NORMANDIE,Côte-d'Or,Superficielle
26_21_13,bassin de la Laignes,Alerte,27/06/2014,03/07/2014,6,553.09,NA,367,Bourgogne-Franche-Comté,SEINE-NORMANDIE,Côte-d'Or,Superficielle
26_21_13,bassin de la Laignes,Alerte,16/08/2014,30/11/2014,106,553.09,NA,554,Bourgogne-Franche-Comté,SEINE-NORMANDIE,Côte-d'Or,Superficielle
26_21_13,bassin de la Laignes,Alerte renforcée,04/07/2014,15/08/2014,42,553.09,NA,404,Bourgogne-Franche-Comté,SEINE-NORMANDIE,Côte-d'Or,Superficielle
26_21_14,bassin de la Seine,Alerte,20/06/2014,26/06/2014,6,682.69,NA,347,Bourgogne-Franche-Comté,SEINE-NORMANDIE,Côte-d'Or,Superficielle
26_21_14,bassin de la Seine,Alerte renforcée,27/06/2014,03/07/2014,6,682.69,NA,367,Bourgogne-Franche-Comté,SEINE-NORMANDIE,Côte-d'Or,Superficielle
26_21_14,bassin de la Seine,Alerte renforcée,04/07/2014,15/08/2014,42,682.69,NA,404,Bourgogne-Franche-Comté,SEINE-NORMANDIE,Côte-d'Or,Superficielle
26_21_15,bassin de l'Ource,Alerte,20/06/2014,26/06/2014,6,749.82,NA,347,Bourgogne-Franche-Comté,SEINE-NORMANDIE,Côte-d'Or,Superficielle
26_21_15,bassin de l'Ource,Alerte,16/08/2014,30/11/2014,106,749.82,NA,554,Bourgogne-Franche-Comté,SEINE-NORMANDIE,Côte-d'Or,Superficielle
26_21_15,bassin de l'Ource,Alerte renforcée,27/06/2014,03/07/2014,6,749.82,NA,367,Bourgogne-Franche-Comté,SEINE-NORMANDIE,Côte-d'Or,Superficielle
26_21_15,bassin de l'Ource,Alerte renforcée,04/07/2014,15/08/2014,42,749.82,NA,404,Bourgogne-Franche-Comté,SEINE-NORMANDIE,Côte-d'Or,Superficielle
26_21_16,bassin de la Biètre,Alerte,20/06/2014,26/06/2014,6,77.42,NA,347,Bourgogne-Franche-Comté,RHONE-MEDITERRANEE-CORSE,Côte-d'Or,Superficielle
26_21_16,bassin de la Biètre,Crise,27/06/2014,03/07/2014,6,77.42,NA,367,Bourgogne-Franche-Comté,RHONE-MEDITERRANEE-CORSE,Côte-d'Or,Superficielle
26_21_16,bassin de la Biètre,Crise,04/07/2014,15/08/2014,42,77.42,NA,404,Bourgogne-Franche-Comté,RHONE-MEDITERRANEE-CORSE,Côte-d'Or,Superficielle
26_58_013,bassin de l'ALENE_CRESSONNE,Crise,09/07/2014,06/08/2014,28,477.68,NA,2014 190 0002,Bourgogne-Franche-Comté,LOIRE-BRETAGNE,Nièvre,Superficielle
26_58_014,bassin de la DRAGNE,Crise,09/07/2014,06/08/2014,28,400.34,NA,2014 190 0002,Bourgogne-Franche-Comté,LOIRE-BRETAGNE,Nièvre,Superficielle
26_58_015,bassin du BEUVRON,Vigilance,09/07/2014,06/08/2014,28,317.68,NA,2014 190 0002,Bourgogne-Franche-Comté,SEINE-NORMANDIE,Nièvre,Superficielle
26_58_037,bassin du CHALAUX_CURE,Alerte,09/07/2014,06/08/2014,28,520.12,NA,2014 190 0002,Bourgogne-Franche-Comté,SEINE-NORMANDIE,Nièvre,Superficielle
26_58_058,bassin du SAUZAY,Vigilance,09/07/2014,06/08/2014,28,217.3,NA,2014 190 0002,Bourgogne-Franche-Comté,SEINE-NORMANDIE,Nièvre,Superficielle
26_58_063,bassin de l'YONNE amont,Alerte renforcée,09/07/2014,06/08/2014,28,258.84,NA,2014 190 0002,Bourgogne-Franche-Comté,SEINE-NORMANDIE,Nièvre,Superficielle
26_58_065,bassin de l'ARON vallée,Alerte,09/07/2014,06/08/2014,28,360.65,NA,2014 190 0002,Bourgogne-Franche-Comté,LOIRE-BRETAGNE,Nièvre,Superficielle
26_58_131,bassin de la NIEVRE,Alerte renforcée,09/07/2014,06/08/2014,28,584.37,NA,2014 190 0002,Bourgogne-Franche-Comté,LOIRE-BRETAGNE,Nièvre,Superficielle
26_58_145,bassin de l'YONNE aval,Alerte renforcée,09/07/2014,06/08/2014,28,738.86,NA,2014 190 0002,Bourgogne-Franche-Comté,SEINE-NORMANDIE,Nièvre,Superficielle
26_58_291,bassin del' IXEURE_CANNE,Crise,09/07/2014,06/08/2014,28,720.91,NA,2014 190 0002,Bourgogne-Franche-Comté,LOIRE-BRETAGNE,Nièvre,Superficielle
26_71_01,bassin de la Vallée de la Loire,Alerte,02/07/2014,23/07/2014,21,551.96,NA,2014182-0028,Bourgogne-Franche-Comté,LOIRE-BRETAGNE,Saône-et-Loire,Superficielle
26_71_02,bassin de l'Arroux Morvan,Alerte renforcée,02/07/2014,23/07/2014,21,1966.29,NA,2014182-0028,Bourgogne-Franche-Comté,LOIRE-BRETAGNE,Saône-et-Loire,Superficielle
26_71_03,bassin de la Bourbince,Alerte,02/07/2014,23/07/2014,21,765.81,NA,2014182-0028,Bourgogne-Franche-Comté,LOIRE-BRETAGNE,Saône-et-Loire,Superficielle
26_71_04,bassin de l'Arconce et Sornin,Alerte,02/07/2014,23/07/2014,21,997.42,NA,2014182-0028,Bourgogne-Franche-Comté,LOIRE-BRETAGNE,Saône-et-Loire,Superficielle
26_71_05,bassin de la Dheune,Vigilance,02/07/2014,23/07/2014,21,443.57,NA,2014182-0028,Bourgogne-Franche-Comté,RHONE-MEDITERRANEE-CORSE,Saône-et-Loire,Superficielle
26_71_06,bassin de la Grosne,Alerte renforcée,02/07/2014,23/07/2014,21,977.95,NA,2014182-0028,Bourgogne-Franche-Comté,RHONE-MEDITERRANEE-CORSE,Saône-et-Loire,Superficielle
26_71_07,bassin de la Saône du Doubs et Côtes viticoles,Vigilance,02/07/2014,23/07/2014,21,1564.4,NA,2014182-0028,Bourgogne-Franche-Comté,RHONE-MEDITERRANEE-CORSE,Saône-et-Loire,Superficielle
26_71_08,bassin Seille et Guyotte,Vigilance,02/07/2014,23/07/2014,21,1348.38,NA,2014182-0028,Bourgogne-Franche-Comté,RHONE-MEDITERRANEE-CORSE,Saône-et-Loire,Superficielle
26_89_0001,Bassin du Cousin,Alerte,07/07/2014,06/08/2014,30,294.4,NA,DDT/SEEP/2014/0046,Bourgogne-Franche-Comté,SEINE-NORMANDIE,Yonne,Superficielle
26_89_0001,Bassin du Cousin,Vigilance,07/08/2014,31/12/2014,146,294.4,NA,DDT/SEEP/2014/0053,Bourgogne-Franche-Comté,SEINE-NORMANDIE,Yonne,Superficielle
26_89_0002,Bassin de la Vanne,Vigilance,07/08/2014,31/12/2014,146,584.76,NA,DDT/SEEP/2014/0053,Bourgogne-Franche-Comté,SEINE-NORMANDIE,Yonne,Superficielle
26_89_0003,Bassin de la Seine Est,Vigilance,07/08/2014,31/12/2014,146,96.2,NA,DDT/SEEP/2014/0053,Bourgogne-Franche-Comté,SEINE-NORMANDIE,Yonne,Superficielle
26_89_0004,Bassin de l' Amont Serein,Alerte,07/07/2014,06/08/2014,30,840.41,NA,DDT/SEEP/2014/0046,Bourgogne-Franche-Comté,SEINE-NORMANDIE,Yonne,Superficielle
26_89_0004,Bassin de l' Amont Serein,Vigilance,07/08/2014,31/12/2014,146,840.41,NA,DDT/SEEP/2014/0053,Bourgogne-Franche-Comté,SEINE-NORMANDIE,Yonne,Superficielle
26_89_0005,Bassin de l' Amont Armançon,Alerte,07/07/2014,06/08/2014,30,679.23,NA,DDT/SEEP/2014/0046,Bourgogne-Franche-Comté,SEINE-NORMANDIE,Yonne,Superficielle
26_89_0005,Bassin de l' Amont Armançon,Vigilance,07/08/2014,31/12/2014,146,679.23,NA,DDT/SEEP/2014/0053,Bourgogne-Franche-Comté,SEINE-NORMANDIE,Yonne,Superficielle
26_89_0006,Bassin Yonne Aval,Vigilance,07/08/2014,31/12/2014,146,545.43,NA,DDT/SEEP/2014/0053,Bourgogne-Franche-Comté,SEINE-NORMANDIE,Yonne,Superficielle
26_89_0007,Bassin Yonne Amont,Alerte,07/07/2014,06/08/2014,30,1124.08,NA,DDT/SEEP/2014/0046,Bourgogne-Franche-Comté,SEINE-NORMANDIE,Yonne,Superficielle
26_89_0007,Bassin Yonne Amont,Vigilance,07/08/2014,31/12/2014,146,1124.08,NA,DDT/SEEP/2014/0053,Bourgogne-Franche-Comté,SEINE-NORMANDIE,Yonne,Superficielle
26_89_0008,Bassin du Tholon-Ravillon-Vrin-Ocq,Vigilance,07/08/2014,31/12/2014,146,568.94,NA,DDT/SEEP/2014/0053,Bourgogne-Franche-Comté,SEINE-NORMANDIE,Yonne,Superficielle
26_89_0009,Bassin de la Cure,Alerte,07/07/2014,06/08/2014,30,423.86,NA,DDT/SEEP/2014/0046,Bourgogne-Franche-Comté,SEINE-NORMANDIE,Yonne,Superficielle
26_89_0009,Bassin de la Cure,Vigilance,07/08/2014,31/12/2014,146,423.86,NA,DDT/SEEP/2014/0053,Bourgogne-Franche-Comté,SEINE-NORMANDIE,Yonne,Superficielle
26_89_0010,Bassin de la Loire,Vigilance,07/08/2014,31/12/2014,146,173.72,NA,DDT/SEEP/2014/0053,Bourgogne-Franche-Comté,LOIRE-BRETAGNE,Yonne,Superficielle
26_89_0011,Bassin du Loing-Ouanne,Vigilance,07/08/2014,31/12/2014,146,997.93,NA,DDT/SEEP/2014/0053,Bourgogne-Franche-Comté,SEINE-NORMANDIE,Yonne,Superficielle
26_89_0012,Bassin de la Seine,Vigilance,07/08/2014,31/12/2014,146,87.66,NA,DDT/SEEP/2014/0053,Bourgogne-Franche-Comté,SEINE-NORMANDIE,Yonne,Superficielle
26_89_0013,Bassin de l' Aval Armançon-Serein,Alerte,07/07/2014,06/08/2014,30,537.49,NA,DDT/SEEP/2014/0046,Bourgogne-Franche-Comté,SEINE-NORMANDIE,Yonne,Superficielle
26_89_0013,Bassin de l' Aval Armançon-Serein,Vigilance,07/08/2014,31/12/2014,146,537.49,NA,DDT/SEEP/2014/0053,Bourgogne-Franche-Comté,SEINE-NORMANDIE,Yonne,Superficielle
26_89_0014,Bassin des petits cours d'eau Nord,Vigilance,07/08/2014,31/12/2014,146,507.12,NA,DDT/SEEP/2014/0053,Bourgogne-Franche-Comté,SEINE-NORMANDIE,Yonne,Superficielle
43_25_0004,Haute Chaine_dpt 25,Alerte,20/06/2014,14/07/2014,24,1152.66,NA,20141710004,Bourgogne-Franche-Comté,RHONE-MEDITERRANEE-CORSE,Doubs,Superficielle
43_25_0005,Plateaux calcaires jurassiens_dpt 25,Alerte,25/04/2014,27/05/2014,32,2676.66,NA,20141150008,Bourgogne-Franche-Comté,RHONE-MEDITERRANEE-CORSE,Doubs,Superficielle
43_25_0005,Plateaux calcaires jurassiens_dpt 25,Alerte,20/06/2014,14/07/2014,24,2676.66,NA,20141710005,Bourgogne-Franche-Comté,RHONE-MEDITERRANEE-CORSE,Doubs,Superficielle
43_25_0006,Moyennes vallées du Doubs et de l'Ognon et plaine jurassienne_dpt 25,Alerte,20/06/2014,14/07/2014,24,1308.45,NA,20141710002,Bourgogne-Franche-Comté,RHONE-MEDITERRANEE-CORSE,Doubs,Superficielle
43_25_0007,bassin versant de l'Allan_dpt 25,Alerte,25/04/2014,27/05/2014,32,108.53,NA,20141150007,Bourgogne-Franche-Comté,RHONE-MEDITERRANEE-CORSE,Doubs,Superficielle
43_25_0007,bassin versant de l'Allan_dpt 25,Alerte,15/07/2014,24/07/2014,9,108.53,NA,20141960013,Bourgogne-Franche-Comté,RHONE-MEDITERRANEE-CORSE,Doubs,Superficielle
43_25_0007,bassin versant de l'Allan_dpt 25,Alerte renforcée,20/06/2014,24/07/2014,34,108.53,NA,20141710006,Bourgogne-Franche-Comté,RHONE-MEDITERRANEE-CORSE,Doubs,Superficielle
43_25_01,zone non couverte par l'arrêté cadre,Vigilance,20/06/2014,14/07/2014,24,5254.2,NA,20141710002,Bourgogne-Franche-Comté,RHONE-MEDITERRANEE-CORSE,Doubs,Souterraine
43_70_0008,Moyennes vallées du Doubs et de l'Ognon et plaine jurassienne_ dpt 70,Alerte,24/06/2014,17/07/2014,23,602.74,NA,331,Bourgogne-Franche-Comté,RHONE-MEDITERRANEE-CORSE,Haute-Saône,Superficielle
43_70_0009,Plateaux calcaires de la Haute Saône,Alerte,24/06/2014,17/07/2014,23,1189.18,NA,331,Bourgogne-Franche-Comté,RHONE-MEDITERRANEE-CORSE,Haute-Saône,Superficielle
43_70_0010,Saone amont,Alerte,24/06/2014,17/07/2014,23,1977.47,NA,331,Bourgogne-Franche-Comté,RHONE-MEDITERRANEE-CORSE,Haute-Saône,Superficielle
43_70_0011,Vosges et depression vosgienne,Alerte renforcée,24/06/2014,17/07/2014,23,1620.41,NA,331,Bourgogne-Franche-Comté,RHONE-MEDITERRANEE-CORSE,Haute-Saône,Superficielle
43_90_0012,bassin versant de l'Allan_dpt 90,Alerte,25/04/2014,27/05/2014,32,611.15,NA,2014-115-0005,Bourgogne-Franche-Comté,RHONE-MEDITERRANEE-CORSE,Territoire de Belfort,Superficielle
43_90_01,zone non couverte par l'arrêté cadre,Alerte,25/04/2014,27/05/2014,32,611.15,NA,2014-115-0005,Bourgogne-Franche-Comté,RHONE-MEDITERRANEE-CORSE,Territoire de Belfort,Souterraine
52_085_02,Bassin des Maines,Alerte renforcée,02/08/2014,14/10/2014,73,589.61,NA,14-DDTM85-461,Pays de la Loire,LOIRE-BRETAGNE,Vendée,Superficielle
52_085_03,Bassin de la Boulogne,Alerte renforcée,21/06/2014,18/07/2014,27,316.14,NA,14-DDTM856369,Pays de la Loire,LOIRE-BRETAGNE,Vendée,Superficielle
52_085_03,Bassin de la Boulogne,Crise,19/07/2014,01/08/2014,13,316.14,NA,14-DDTM85-447,Pays de la Loire,LOIRE-BRETAGNE,Vendée,Superficielle
52_085_03,Bassin de la Boulogne,Crise,02/08/2014,14/10/2014,73,316.14,NA,14-DDTM85-461,Pays de la Loire,LOIRE-BRETAGNE,Vendée,Superficielle
52_085_05,Bassin des Vie et Jaunay,Alerte renforcée,21/06/2014,18/07/2014,27,786.55,NA,14-DDTM856369,Pays de la Loire,LOIRE-BRETAGNE,Vendée,Superficielle
52_085_05,Bassin des Vie et Jaunay,Alerte renforcée,19/07/2014,01/08/2014,13,786.55,NA,14-DDTM85-447,Pays de la Loire,LOIRE-BRETAGNE,Vendée,Superficielle
52_085_05,Bassin des Vie et Jaunay,Crise,02/08/2014,14/10/2014,73,786.55,NA,14-DDTM85-461,Pays de la Loire,LOIRE-BRETAGNE,Vendée,Superficielle
52_085_06,Fleuves côtiers Vendéens,Alerte renforcée,21/06/2014,18/07/2014,27,612.09,NA,14-DDTM856369,Pays de la Loire,LOIRE-BRETAGNE,Vendée,Superficielle
52_085_06,Fleuves côtiers Vendéens,Alerte renforcée,19/07/2014,01/08/2014,13,612.09,NA,14-DDTM85-447,Pays de la Loire,LOIRE-BRETAGNE,Vendée,Superficielle
52_085_06,Fleuves côtiers Vendéens,Crise,02/08/2014,14/10/2014,73,612.09,NA,14-DDTM85-461,Pays de la Loire,LOIRE-BRETAGNE,Vendée,Superficielle
52_44_01,bassin de la Vilaine,Alerte renforcée,07/07/2014,23/07/2014,16,2208.28,NA,2014/BPUP/051,Pays de la Loire,LOIRE-BRETAGNE,Loire-Atlantique,Superficielle
52_44_6a,"bassin de la Logne, Boulogne, Ognon, Grand-lieu",Alerte renforcée,07/07/2014,23/07/2014,16,478.23,NA,2014/BPUP/051,Pays de la Loire,LOIRE-BRETAGNE,Loire-Atlantique,Superficielle
52_44_6a,"bassin de la Logne, Boulogne, Ognon, Grand-lieu",Crise,24/07/2014,01/10/2014,69,478.23,NA,2014/BPUP/070,Pays de la Loire,LOIRE-BRETAGNE,Loire-Atlantique,Superficielle
52_49_02,ERDRE,Vigilance,12/08/2014,31/10/2014,80,193.64,NA,2014-05,Pays de la Loire,LOIRE-BRETAGNE,Maine-et-Loire,Souterraine
52_49_04,ROMME-BRIONNEAU,Vigilance,17/07/2014,29/07/2014,12,528.48,NA,2014-02,Pays de la Loire,LOIRE-BRETAGNE,Maine-et-Loire,Souterraine
52_49_04,ROMME-BRIONNEAU,Vigilance,30/07/2014,05/08/2014,6,528.48,NA,2014-03,Pays de la Loire,LOIRE-BRETAGNE,Maine-et-Loire,Souterraine
52_49_04,ROMME-BRIONNEAU,Vigilance,06/08/2014,11/08/2014,5,528.48,NA,2014-04,Pays de la Loire,LOIRE-BRETAGNE,Maine-et-Loire,Souterraine
52_49_04,ROMME-BRIONNEAU,Vigilance,12/08/2014,31/10/2014,80,528.48,NA,2014-05,Pays de la Loire,LOIRE-BRETAGNE,Maine-et-Loire,Souterraine
52_49_1,LE BRIONNEAU & SES AFFLUENTS,Alerte,02/07/2014,16/07/2014,14,108.68,NA,2014-01,Pays de la Loire,LOIRE-BRETAGNE,Maine-et-Loire,Superficielle
52_49_1,LE BRIONNEAU & SES AFFLUENTS,Alerte,17/07/2014,29/07/2014,12,108.68,NA,2014-02,Pays de la Loire,LOIRE-BRETAGNE,Maine-et-Loire,Superficielle
52_49_1,LE BRIONNEAU & SES AFFLUENTS,Alerte renforcée,30/07/2014,05/08/2014,6,108.68,NA,2014-03,Pays de la Loire,LOIRE-BRETAGNE,Maine-et-Loire,Superficielle
52_49_1,LE BRIONNEAU & SES AFFLUENTS,Alerte renforcée,06/08/2014,11/08/2014,5,108.68,NA,2014-04,Pays de la Loire,LOIRE-BRETAGNE,Maine-et-Loire,Superficielle
52_49_1,LE BRIONNEAU & SES AFFLUENTS,Vigilance,12/08/2014,31/10/2014,80,108.68,NA,2014-05,Pays de la Loire,LOIRE-BRETAGNE,Maine-et-Loire,Superficielle
52_49_12,OUDON,Alerte,06/08/2014,11/08/2014,5,714.78,NA,2014-04,Pays de la Loire,LOIRE-BRETAGNE,Maine-et-Loire,Superficielle
52_49_12,OUDON,Vigilance,17/07/2014,29/07/2014,12,714.78,NA,2014-02,Pays de la Loire,LOIRE-BRETAGNE,Maine-et-Loire,Superficielle
52_49_12,OUDON,Vigilance,30/07/2014,05/08/2014,6,714.78,NA,2014-03,Pays de la Loire,LOIRE-BRETAGNE,Maine-et-Loire,Superficielle
52_49_12,OUDON,Vigilance,12/08/2014,31/10/2014,80,714.78,NA,2014-05,Pays de la Loire,LOIRE-BRETAGNE,Maine-et-Loire,Superficielle
52_49_13,L'ERDRE ET SES AFFLUENTS,Alerte,06/08/2014,11/08/2014,5,201.04,NA,2014-04,Pays de la Loire,LOIRE-BRETAGNE,Maine-et-Loire,Superficielle
52_49_13,L'ERDRE ET SES AFFLUENTS,Vigilance,02/07/2014,16/07/2014,14,201.04,NA,2014-01,Pays de la Loire,LOIRE-BRETAGNE,Maine-et-Loire,Superficielle
52_49_13,L'ERDRE ET SES AFFLUENTS,Vigilance,17/07/2014,29/07/2014,12,201.04,NA,2014-02,Pays de la Loire,LOIRE-BRETAGNE,Maine-et-Loire,Superficielle
52_49_13,L'ERDRE ET SES AFFLUENTS,Vigilance,30/07/2014,05/08/2014,6,201.04,NA,2014-03,Pays de la Loire,LOIRE-BRETAGNE,Maine-et-Loire,Superficielle
52_49_13,L'ERDRE ET SES AFFLUENTS,Vigilance,12/08/2014,31/10/2014,80,201.04,NA,2014-05,Pays de la Loire,LOIRE-BRETAGNE,Maine-et-Loire,Superficielle
52_49_17,LE LAYON,Vigilance,30/07/2014,05/08/2014,6,843.29,NA,2014-03,Pays de la Loire,LOIRE-BRETAGNE,Maine-et-Loire,Superficielle
52_49_17,LE LAYON,Vigilance,06/08/2014,11/08/2014,5,843.29,NA,2014-04,Pays de la Loire,LOIRE-BRETAGNE,Maine-et-Loire,Superficielle
52_49_17,LE LAYON,Vigilance,12/08/2014,31/10/2014,80,843.29,NA,2014-05,Pays de la Loire,LOIRE-BRETAGNE,Maine-et-Loire,Superficielle
52_49_19,L'EVRE ET SES AFFLUENTS,Vigilance,30/07/2014,05/08/2014,6,585.57,NA,2014-03,Pays de la Loire,LOIRE-BRETAGNE,Maine-et-Loire,Superficielle
52_49_19,L'EVRE ET SES AFFLUENTS,Vigilance,06/08/2014,11/08/2014,5,585.57,NA,2014-04,Pays de la Loire,LOIRE-BRETAGNE,Maine-et-Loire,Superficielle
52_49_19,L'EVRE ET SES AFFLUENTS,Vigilance,12/08/2014,31/10/2014,80,585.57,NA,2014-05,Pays de la Loire,LOIRE-BRETAGNE,Maine-et-Loire,Superficielle
52_49_2,LA ROMME DE SA SOURCE A LA LOGE (exclue),Alerte,02/07/2014,16/07/2014,14,190.98,NA,2014-01,Pays de la Loire,LOIRE-BRETAGNE,Maine-et-Loire,Superficielle
52_49_2,LA ROMME DE SA SOURCE A LA LOGE (exclue),Alerte,17/07/2014,29/07/2014,12,190.98,NA,2014-02,Pays de la Loire,LOIRE-BRETAGNE,Maine-et-Loire,Superficielle
52_49_2,LA ROMME DE SA SOURCE A LA LOGE (exclue),Alerte,30/07/2014,05/08/2014,6,190.98,NA,2014-03,Pays de la Loire,LOIRE-BRETAGNE,Maine-et-Loire,Superficielle
52_49_2,LA ROMME DE SA SOURCE A LA LOGE (exclue),Alerte,06/08/2014,11/08/2014,5,190.98,NA,2014-04,Pays de la Loire,LOIRE-BRETAGNE,Maine-et-Loire,Superficielle
52_49_2,LA ROMME DE SA SOURCE A LA LOGE (exclue),Vigilance,12/08/2014,31/10/2014,80,190.98,NA,2014-05,Pays de la Loire,LOIRE-BRETAGNE,Maine-et-Loire,Superficielle
52_49_21,LA DIVATTE ET SES AFFLUENTS,Alerte,30/07/2014,05/08/2014,6,66.85,NA,2014-03,Pays de la Loire,LOIRE-BRETAGNE,Maine-et-Loire,Superficielle
52_49_21,LA DIVATTE ET SES AFFLUENTS,Alerte,06/08/2014,11/08/2014,5,66.85,NA,2014-04,Pays de la Loire,LOIRE-BRETAGNE,Maine-et-Loire,Superficielle
52_49_21,LA DIVATTE ET SES AFFLUENTS,Vigilance,02/07/2014,16/07/2014,14,66.85,NA,2014-01,Pays de la Loire,LOIRE-BRETAGNE,Maine-et-Loire,Superficielle
52_49_21,LA DIVATTE ET SES AFFLUENTS,Vigilance,17/07/2014,29/07/2014,12,66.85,NA,2014-02,Pays de la Loire,LOIRE-BRETAGNE,Maine-et-Loire,Superficielle
52_49_21,LA DIVATTE ET SES AFFLUENTS,Vigilance,12/08/2014,31/10/2014,80,66.85,NA,2014-05,Pays de la Loire,LOIRE-BRETAGNE,Maine-et-Loire,Superficielle
52_49_4,LA LOIRE DE LA BOIRE DE CHAMPTOCE (exclue) A L'EVR,Alerte renforcée,30/07/2014,05/08/2014,6,80.81,NA,2014-03,Pays de la Loire,LOIRE-BRETAGNE,Maine-et-Loire,Superficielle
52_49_4,LA LOIRE DE LA BOIRE DE CHAMPTOCE (exclue) A L'EVR,Alerte renforcée,06/08/2014,11/08/2014,5,80.81,NA,2014-04,Pays de la Loire,LOIRE-BRETAGNE,Maine-et-Loire,Superficielle
52_49_4,LA LOIRE DE LA BOIRE DE CHAMPTOCE (exclue) A L'EVR,Vigilance,02/07/2014,16/07/2014,14,80.81,NA,2014-01,Pays de la Loire,LOIRE-BRETAGNE,Maine-et-Loire,Superficielle
52_49_4,LA LOIRE DE LA BOIRE DE CHAMPTOCE (exclue) A L'EVR,Vigilance,17/07/2014,29/07/2014,12,80.81,NA,2014-02,Pays de la Loire,LOIRE-BRETAGNE,Maine-et-Loire,Superficielle
52_49_4,LA LOIRE DE LA BOIRE DE CHAMPTOCE (exclue) A L'EVR,Vigilance,12/08/2014,31/10/2014,80,80.81,NA,2014-05,Pays de la Loire,LOIRE-BRETAGNE,Maine-et-Loire,Superficielle
52_49_5,LE LOUET DE LA LOIRE (exclue) A L'AUBANCE (incluse,Vigilance,30/07/2014,05/08/2014,6,224.24,NA,2014-03,Pays de la Loire,LOIRE-BRETAGNE,Maine-et-Loire,Superficielle
52_49_5,LE LOUET DE LA LOIRE (exclue) A L'AUBANCE (incluse,Vigilance,06/08/2014,11/08/2014,5,224.24,NA,2014-04,Pays de la Loire,LOIRE-BRETAGNE,Maine-et-Loire,Superficielle
52_49_5,LE LOUET DE LA LOIRE (exclue) A L'AUBANCE (incluse,Vigilance,12/08/2014,31/10/2014,80,224.24,NA,2014-05,Pays de la Loire,LOIRE-BRETAGNE,Maine-et-Loire,Superficielle
52_49_6,L'HYROME & SES AFFLUENTS,Vigilance,30/07/2014,05/08/2014,6,154.32,NA,2014-03,Pays de la Loire,LOIRE-BRETAGNE,Maine-et-Loire,Superficielle
52_49_6,L'HYROME & SES AFFLUENTS,Vigilance,06/08/2014,11/08/2014,5,154.32,NA,2014-04,Pays de la Loire,LOIRE-BRETAGNE,Maine-et-Loire,Superficielle
52_49_6,L'HYROME & SES AFFLUENTS,Vigilance,12/08/2014,31/10/2014,80,154.32,NA,2014-05,Pays de la Loire,LOIRE-BRETAGNE,Maine-et-Loire,Superficielle
52_53_04,OUDON,Alerte,07/08/2014,27/08/2014,20,731.52,NA,2014216-0002,Pays de la Loire,LOIRE-BRETAGNE,Mayenne,Superficielle
52_53_04,OUDON,Vigilance,28/08/2014,31/10/2014,64,731.52,NA,retour vigilance,Pays de la Loire,LOIRE-BRETAGNE,Mayenne,Superficielle
54_16_13,Bassin de l'Echelle,Alerte,09/09/2014,30/09/2014,21,64.97,NA,2014252-0003,Nouvelle-Aquitaine,ADOUR-GARONNE,Charente,Superficielle
54_16_16,Bassin du Né,Alerte,09/09/2014,15/09/2014,6,623.81,NA,2014252-0002,Nouvelle-Aquitaine,ADOUR-GARONNE,Charente,Superficielle
54_16_16,Bassin du Né,Alerte renforcée,16/09/2014,18/09/2014,2,623.81,NA,2014258-0020,Nouvelle-Aquitaine,ADOUR-GARONNE,Charente,Superficielle
54_16_16,Bassin du Né,Crise,19/09/2014,30/09/2014,11,623.81,NA,2014261-0008,Nouvelle-Aquitaine,ADOUR-GARONNE,Charente,Superficielle
54_16_17,Bassin de la Nouère,Alerte,17/05/2014,28/05/2014,11,118.13,NA,2014136-0002,Nouvelle-Aquitaine,ADOUR-GARONNE,Charente,Superficielle
54_16_17,Bassin de la Nouère,Alerte,29/07/2014,11/08/2014,13,118.13,NA,2014209-0005,Nouvelle-Aquitaine,ADOUR-GARONNE,Charente,Superficielle
54_16_2,Bassin de l'Argence,Alerte,20/05/2014,28/05/2014,8,84.47,NA,2014139-0008,Nouvelle-Aquitaine,ADOUR-GARONNE,Charente,Superficielle
54_16_2,Bassin de l'Argence,Alerte,29/07/2014,11/08/2014,13,84.47,NA,2014209-0006,Nouvelle-Aquitaine,ADOUR-GARONNE,Charente,Superficielle
54_16_2,Bassin de l'Argence,Alerte,16/09/2014,30/09/2014,14,84.47,NA,2014258-0019,Nouvelle-Aquitaine,ADOUR-GARONNE,Charente,Superficielle
54_16_25,Bassin de la Tude,Alerte,09/09/2014,15/09/2014,6,323.9,NA,2014252-0001,Nouvelle-Aquitaine,ADOUR-GARONNE,Charente,Superficielle
54_16_25,Bassin de la Tude,Alerte renforcée,16/09/2014,30/09/2014,14,323.9,NA,2014258-0021,Nouvelle-Aquitaine,ADOUR-GARONNE,Charente,Superficielle
54_16_4,Bassin de l'Auge,Alerte,14/05/2014,28/05/2014,14,73.97,NA,2014133-0002,Nouvelle-Aquitaine,ADOUR-GARONNE,Charente,Superficielle
54_16_4,Bassin de l'Auge,Alerte,29/07/2014,11/08/2014,13,73.97,NA,20120960002,Nouvelle-Aquitaine,ADOUR-GARONNE,Charente,Superficielle
54_16_7,Bassin du Bandiat,Alerte,20/09/2014,30/09/2014,10,240.03,NA,2014262-0004,Nouvelle-Aquitaine,ADOUR-GARONNE,Charente,Superficielle
54_16_8,Bassin du Bief,Alerte,12/04/2014,28/05/2014,46,94.79,NA,2014101-0002,Nouvelle-Aquitaine,ADOUR-GARONNE,Charente,Superficielle
54_16_8,Bassin du Bief,Alerte,29/07/2014,01/09/2014,34,94.79,NA,2014209-0003,Nouvelle-Aquitaine,ADOUR-GARONNE,Charente,Superficielle
54_16_8,Bassin du Bief,Alerte,09/09/2014,30/09/2014,21,94.79,NA,2014252-0004,Nouvelle-Aquitaine,ADOUR-GARONNE,Charente,Superficielle
54_16_9,Bassin de la Bonnieure,Alerte,29/07/2014,04/08/2014,6,203.41,NA,2014209-0004,Nouvelle-Aquitaine,ADOUR-GARONNE,Charente,Superficielle
54_16_9,Bassin de la Bonnieure,Alerte renforcée,05/08/2014,15/09/2014,41,203.41,NA,2014216-0004,Nouvelle-Aquitaine,ADOUR-GARONNE,Charente,Superficielle
54_16_9,Bassin de la Bonnieure,Crise,16/09/2014,30/09/2014,14,203.41,NA,2014258-0022,Nouvelle-Aquitaine,ADOUR-GARONNE,Charente,Superficielle
54_17_1,CURE ET SEVRES NIORTAISE,Alerte,31/07/2014,15/09/2014,46,833.26,NA,14-1932,Nouvelle-Aquitaine,LOIRE-BRETAGNE,Charente-Maritime,Superficielle
54_17_1,CURE ET SEVRES NIORTAISE,Alerte renforcée,16/09/2014,26/09/2014,10,833.26,NA,14-2319,Nouvelle-Aquitaine,LOIRE-BRETAGNE,Charente-Maritime,Superficielle
54_17_1,CURE ET SEVRES NIORTAISE,Crise,27/09/2014,26/10/2014,29,833.26,NA,14-2392,Nouvelle-Aquitaine,LOIRE-BRETAGNE,Charente-Maritime,Superficielle
54_17_3,LE MIGNON,Alerte,07/07/2014,26/10/2014,111,150.37,NA,14-1611,Nouvelle-Aquitaine,LOIRE-BRETAGNE,Charente-Maritime,Superficielle
54_17_8,LE NE,Alerte,09/09/2014,15/09/2014,6,91.14,NA,14-2255 bis,Nouvelle-Aquitaine,ADOUR-GARONNE,Charente-Maritime,Superficielle
54_17_8,LE NE,Alerte renforcée,16/09/2014,18/09/2014,2,91.14,NA,14-2324,Nouvelle-Aquitaine,ADOUR-GARONNE,Charente-Maritime,Superficielle
54_17_8,LE NE,Crise,19/09/2014,30/09/2014,11,91.14,NA,14-2349,Nouvelle-Aquitaine,ADOUR-GARONNE,Charente-Maritime,Superficielle
54_79_1b,Layon,Alerte,08/09/2014,28/09/2014,20,79.27,NA,2014-09-05,Nouvelle-Aquitaine,LOIRE-BRETAGNE,Deux-Sèvres,Superficielle
54_79_5a3,Vonne,Alerte,15/09/2014,28/09/2014,13,180.7,NA,2014-09-15,Nouvelle-Aquitaine,LOIRE-BRETAGNE,Deux-Sèvres,Superficielle
54_79_9,Mignon Courance,Alerte,30/06/2014,26/10/2014,118,474.42,NA,2014-06-26,Nouvelle-Aquitaine,LOIRE-BRETAGNE,Deux-Sèvres,Superficielle
54_86_10,Bassin_Clain_Vonne_PONT_DE_CLOUE,Alerte,15/09/2014,29/09/2014,14,190.59,NA,2014_DDT_SEB_620,Nouvelle-Aquitaine,LOIRE-BRETAGNE,Vienne,Superficielle
72_24_0703,Beune,Alerte,15/08/2014,22/08/2014,7,153.86,NA,2014226-0005,Nouvelle-Aquitaine,ADOUR-GARONNE,Dordogne,Superficielle
72_24_0703,Beune,Alerte renforcée,23/08/2014,31/10/2014,69,153.86,NA,2014234-00047,Nouvelle-Aquitaine,ADOUR-GARONNE,Dordogne,Superficielle
72_24_0803,Caudeau,Alerte,08/08/2014,14/08/2014,6,223.42,NA,2014218-0002,Nouvelle-Aquitaine,ADOUR-GARONNE,Dordogne,Superficielle
72_24_0803,Caudeau,Alerte,15/08/2014,22/08/2014,7,223.42,NA,2014226-0005,Nouvelle-Aquitaine,ADOUR-GARONNE,Dordogne,Superficielle
72_24_0803,Caudeau,Alerte,23/08/2014,31/10/2014,69,223.42,NA,2014234-00047,Nouvelle-Aquitaine,ADOUR-GARONNE,Dordogne,Superficielle
72_24_0804,Louyre,Alerte,08/08/2014,14/08/2014,6,96.36,NA,2014218-0002,Nouvelle-Aquitaine,ADOUR-GARONNE,Dordogne,Superficielle
72_24_0804,Louyre,Alerte,15/08/2014,22/08/2014,7,96.36,NA,2014226-0005,Nouvelle-Aquitaine,ADOUR-GARONNE,Dordogne,Superficielle
72_24_0804,Louyre,Alerte,23/08/2014,31/10/2014,69,96.36,NA,2014234-00047,Nouvelle-Aquitaine,ADOUR-GARONNE,Dordogne,Superficielle
72_24_0902,Enéa,Alerte,08/08/2014,14/08/2014,6,119.08,NA,2014218-0002,Nouvelle-Aquitaine,ADOUR-GARONNE,Dordogne,Superficielle
72_24_0902,Enéa,Alerte,15/08/2014,22/08/2014,7,119.08,NA,2014226-0005,Nouvelle-Aquitaine,ADOUR-GARONNE,Dordogne,Superficielle
72_24_0902,Enéa,Alerte,23/08/2014,31/10/2014,69,119.08,NA,2014234-00047,Nouvelle-Aquitaine,ADOUR-GARONNE,Dordogne,Superficielle
72_24_0904,Nauze,Alerte,23/08/2014,31/10/2014,69,141.62,NA,2014234-00047,Nouvelle-Aquitaine,ADOUR-GARONNE,Dordogne,Superficielle
72_24_0905,Céou aval,Alerte renforcée,08/08/2014,14/08/2014,6,43.61,NA,2014218-0002,Nouvelle-Aquitaine,ADOUR-GARONNE,Dordogne,Superficielle
72_24_0905,Céou aval,Alerte renforcée,15/08/2014,22/08/2014,7,43.61,NA,2014226-0005,Nouvelle-Aquitaine,ADOUR-GARONNE,Dordogne,Superficielle
72_24_0905,Céou aval,Alerte renforcée,23/08/2014,31/10/2014,69,43.61,NA,2014234-00047,Nouvelle-Aquitaine,ADOUR-GARONNE,Dordogne,Superficielle
72_24_0906,Céou amont,Alerte renforcée,08/08/2014,14/08/2014,6,115.13,NA,2014218-0002,Nouvelle-Aquitaine,ADOUR-GARONNE,Dordogne,Superficielle
72_24_0906,Céou amont,Alerte renforcée,15/08/2014,22/08/2014,7,115.13,NA,2014226-0005,Nouvelle-Aquitaine,ADOUR-GARONNE,Dordogne,Superficielle
72_24_0906,Céou amont,Crise,23/08/2014,31/10/2014,69,115.13,NA,2014234-00047,Nouvelle-Aquitaine,ADOUR-GARONNE,Dordogne,Superficielle
72_47_23,Unité de la Séoune,Alerte,29/08/2014,31/10/2014,63,183.25,NA,20142390002,Nouvelle-Aquitaine,ADOUR-GARONNE,Lot-et-Garonne,Superficielle
72_47_38,Unité Garonne amont rive droite,Alerte renforcée,29/08/2014,31/10/2014,63,99.05,NA,20142390002,Nouvelle-Aquitaine,ADOUR-GARONNE,Lot-et-Garonne,Superficielle
72_47_39,Unité Garonne amont rive gauche,Alerte renforcée,29/08/2014,31/10/2014,63,267.41,NA,20142390002,Nouvelle-Aquitaine,ADOUR-GARONNE,Lot-et-Garonne,Superficielle
72_47_40,Unité Gupie,Crise,29/08/2014,31/10/2014,63,132.46,NA,20142390002,Nouvelle-Aquitaine,ADOUR-GARONNE,Lot-et-Garonne,Superficielle
72_47_50,Unité Masse d'Agen,Alerte,29/08/2014,31/10/2014,63,77.85,NA,20142390002,Nouvelle-Aquitaine,ADOUR-GARONNE,Lot-et-Garonne,Superficielle
72_47_56,Unité Dropt,Alerte renforcée,29/08/2014,31/10/2014,63,667.39,NA,20142390002,Nouvelle-Aquitaine,ADOUR-GARONNE,Lot-et-Garonne,Superficielle
73_12_06,Bassin de la DIEGE,Alerte,01/06/2014,31/10/2014,152,164.42,NA,20132018-03,Occitanie,ADOUR-GARONNE,Aveyron,Superficielle
73_12_07,Bassin de l'AVEYRON de la limite du département à la confluence avec la SERRE,Alerte,01/06/2014,31/10/2014,152,338.14,NA,20132018-03,Occitanie,ADOUR-GARONNE,Aveyron,Superficielle
73_12_08,Bassin du RANCE,Alerte,01/06/2014,31/10/2014,152,406.47,NA,20132018-03,Occitanie,ADOUR-GARONNE,Aveyron,Superficielle
73_12_09,Bassin de l'AVEYRON de la confluence avec la SERRE à la confluence avec le RIOU NEGRE,Alerte,01/06/2014,31/10/2014,152,460.11,NA,20132018-03,Occitanie,ADOUR-GARONNE,Aveyron,Superficielle
73_12_10,Bassin de la SERENES,Alerte,01/06/2014,31/10/2014,152,125.52,NA,20132018-03,Occitanie,ADOUR-GARONNE,Aveyron,Superficielle
73_12_12,Bassin de l'ALZOU,Alerte,01/06/2014,31/10/2014,152,207.8,NA,20132018-03,Occitanie,ADOUR-GARONNE,Aveyron,Superficielle
73_12_13,Bassin du DOURDOU DE CAMARES en amont de la confluence avec la SORGUES,Alerte,01/06/2014,31/10/2014,152,332.94,NA,20132018-03,Occitanie,ADOUR-GARONNE,Aveyron,Superficielle
73_12_14,Bassin du DOURDOU DE CONQUES,Alerte,01/06/2014,31/10/2014,152,601.43,NA,20132018-03,Occitanie,ADOUR-GARONNE,Aveyron,Superficielle
73_46_1,Tourmente,Alerte,09/08/2014,15/08/2014,6,97.11,NA,E-2014-220,Occitanie,ADOUR-GARONNE,Lot,Superficielle
73_46_1,Tourmente,Alerte renforcée,16/08/2014,31/10/2014,76,97.11,NA,E-2014-224,Occitanie,ADOUR-GARONNE,Lot,Superficielle
73_46_1,Tourmente,Crise,01/11/2014,30/11/2014,29,97.11,NA,E-2014-277,Occitanie,ADOUR-GARONNE,Lot,Superficielle
73_46_10,Grande Barguelonne,Alerte,28/06/2014,04/07/2014,6,60.19,NA,E-2014-154,Occitanie,ADOUR-GARONNE,Lot,Superficielle
73_46_10,Grande Barguelonne,Alerte,05/07/2014,18/07/2014,13,60.19,NA,E-2014-173,Occitanie,ADOUR-GARONNE,Lot,Superficielle
73_46_10,Grande Barguelonne,Alerte,19/07/2014,01/08/2014,13,60.19,NA,E-2014-194,Occitanie,ADOUR-GARONNE,Lot,Superficielle
73_46_10,Grande Barguelonne,Alerte renforcée,02/08/2014,08/08/2014,6,60.19,NA,E-2014-214,Occitanie,ADOUR-GARONNE,Lot,Superficielle
73_46_10,Grande Barguelonne,Crise,09/08/2014,15/08/2014,6,60.19,NA,E-2014-220,Occitanie,ADOUR-GARONNE,Lot,Superficielle
73_46_10,Grande Barguelonne,Crise,16/08/2014,31/10/2014,76,60.19,NA,E-2014-224,Occitanie,ADOUR-GARONNE,Lot,Superficielle
73_46_10,Grande Barguelonne,Crise,01/11/2014,30/11/2014,29,60.19,NA,E-2014-277,Occitanie,ADOUR-GARONNE,Lot,Superficielle
73_46_11,Vers - Rauze,Crise,01/11/2014,30/11/2014,29,112.39,NA,E-2014-277,Occitanie,ADOUR-GARONNE,Lot,Superficielle
73_46_12,Vert Amont,Alerte,02/08/2014,08/08/2014,6,68.7,NA,E-2014-216,Occitanie,ADOUR-GARONNE,Lot,Superficielle
73_46_12,Vert Amont,Alerte renforcée,09/08/2014,31/10/2014,83,68.7,NA,E-2014-221,Occitanie,ADOUR-GARONNE,Lot,Superficielle
73_46_12,Vert Amont,Crise,01/11/2014,30/11/2014,29,68.7,NA,E-2014-277,Occitanie,ADOUR-GARONNE,Lot,Superficielle
73_46_13,Lendou,Alerte,02/08/2014,08/08/2014,6,96.21,NA,E-2014-214,Occitanie,ADOUR-GARONNE,Lot,Superficielle
73_46_13,Lendou,Crise,09/08/2014,15/08/2014,6,96.21,NA,E-2014-220,Occitanie,ADOUR-GARONNE,Lot,Superficielle
73_46_13,Lendou,Crise,16/08/2014,31/10/2014,76,96.21,NA,E-2014-224,Occitanie,ADOUR-GARONNE,Lot,Superficielle
73_46_13,Lendou,Crise,01/11/2014,30/11/2014,29,96.21,NA,E-2014-277,Occitanie,ADOUR-GARONNE,Lot,Superficielle
73_46_14,Petite Barguelonne,Alerte,28/06/2014,04/07/2014,6,101.23,NA,E-2014-154,Occitanie,ADOUR-GARONNE,Lot,Superficielle
73_46_14,Petite Barguelonne,Alerte renforcée,05/07/2014,18/07/2014,13,101.23,NA,E-2014-173,Occitanie,ADOUR-GARONNE,Lot,Superficielle
73_46_14,Petite Barguelonne,Alerte renforcée,19/07/2014,01/08/2014,13,101.23,NA,E-2014-194,Occitanie,ADOUR-GARONNE,Lot,Superficielle
73_46_14,Petite Barguelonne,Alerte renforcée,02/08/2014,08/08/2014,6,101.23,NA,E-2014-214,Occitanie,ADOUR-GARONNE,Lot,Superficielle
73_46_14,Petite Barguelonne,Alerte renforcée,09/08/2014,15/08/2014,6,101.23,NA,E-2014-220,Occitanie,ADOUR-GARONNE,Lot,Superficielle
73_46_14,Petite Barguelonne,Alerte renforcée,16/08/2014,31/10/2014,76,101.23,NA,E-2014-224,Occitanie,ADOUR-GARONNE,Lot,Superficielle
73_46_14,Petite Barguelonne,Crise,01/11/2014,30/11/2014,29,101.23,NA,E-2014-277,Occitanie,ADOUR-GARONNE,Lot,Superficielle
73_46_15,Ourajoux,Alerte,02/08/2014,08/08/2014,6,122.27,NA,E-2014-215,Occitanie,ADOUR-GARONNE,Lot,Superficielle
73_46_15,Ourajoux,Alerte renforcée,09/08/2014,18/08/2014,9,122.27,NA,E-2014-222,Occitanie,ADOUR-GARONNE,Lot,Superficielle
73_46_15,Ourajoux,Crise,19/08/2014,31/10/2014,73,122.27,NA,E-2014-226,Occitanie,ADOUR-GARONNE,Lot,Superficielle
73_46_15,Ourajoux,Crise,01/11/2014,30/11/2014,29,122.27,NA,E-2014-277,Occitanie,ADOUR-GARONNE,Lot,Superficielle
73_46_16,Céou,Alerte,02/08/2014,08/08/2014,6,219.85,NA,E-2014-215,Occitanie,ADOUR-GARONNE,Lot,Superficielle
73_46_16,Céou,Alerte renforcée,09/08/2014,18/08/2014,9,219.85,NA,E-2014-222,Occitanie,ADOUR-GARONNE,Lot,Superficielle
73_46_16,Céou,Crise,19/08/2014,31/10/2014,73,219.85,NA,E-2014-226,Occitanie,ADOUR-GARONNE,Lot,Superficielle
73_46_16,Céou,Crise,01/11/2014,30/11/2014,29,219.85,NA,E-2014-277,Occitanie,ADOUR-GARONNE,Lot,Superficielle
73_46_17,Bléou,Alerte,02/08/2014,08/08/2014,6,65.2,NA,E-2014-215,Occitanie,ADOUR-GARONNE,Lot,Superficielle
73_46_17,Bléou,Alerte renforcée,09/08/2014,18/08/2014,9,65.2,NA,E-2014-222,Occitanie,ADOUR-GARONNE,Lot,Superficielle
73_46_17,Bléou,Crise,19/08/2014,31/10/2014,73,65.2,NA,E-2014-226,Occitanie,ADOUR-GARONNE,Lot,Superficielle
73_46_17,Bléou,Crise,01/11/2014,30/11/2014,29,65.2,NA,E-2014-277,Occitanie,ADOUR-GARONNE,Lot,Superficielle
73_46_18,Drauzou,Crise,01/11/2014,30/11/2014,29,86.32,NA,E-2014-277,Occitanie,ADOUR-GARONNE,Lot,Superficielle
73_46_19,Bervezou,Crise,01/11/2014,30/11/2014,29,86.24,NA,E-2014-277,Occitanie,ADOUR-GARONNE,Lot,Superficielle
73_46_21,Veyre,Crise,01/11/2014,30/11/2014,29,69.68,NA,E-2014-277,Occitanie,ADOUR-GARONNE,Lot,Superficielle
73_46_23,Tolerme,Crise,01/11/2014,30/11/2014,29,89.84,NA,E-2014-277,Occitanie,ADOUR-GARONNE,Lot,Superficielle
73_46_24,Melve - Marcillande - Relinquière,Crise,01/11/2014,30/11/2014,29,82.35,NA,E-2014-277,Occitanie,ADOUR-GARONNE,Lot,Superficielle
73_46_25,Tournefeuille,Alerte,19/07/2014,01/08/2014,13,50.8,NA,E-2014-194,Occitanie,ADOUR-GARONNE,Lot,Superficielle
73_46_25,Tournefeuille,Alerte renforcée,02/08/2014,08/08/2014,6,50.8,NA,E-2014-214,Occitanie,ADOUR-GARONNE,Lot,Superficielle
73_46_25,Tournefeuille,Crise,09/08/2014,15/08/2014,6,50.8,NA,E-2014-220,Occitanie,ADOUR-GARONNE,Lot,Superficielle
73_46_25,Tournefeuille,Crise,16/08/2014,31/10/2014,76,50.8,NA,E-2014-224,Occitanie,ADOUR-GARONNE,Lot,Superficielle
73_46_25,Tournefeuille,Crise,01/11/2014,30/11/2014,29,50.8,NA,E-2014-277,Occitanie,ADOUR-GARONNE,Lot,Superficielle
73_46_26,Lemboulas,Alerte renforcée,28/06/2014,04/07/2014,6,108.87,NA,E-2014-154,Occitanie,ADOUR-GARONNE,Lot,Superficielle
73_46_26,Lemboulas,Crise,05/07/2014,18/07/2014,13,108.87,NA,E-2014-173,Occitanie,ADOUR-GARONNE,Lot,Superficielle
73_46_26,Lemboulas,Crise,19/07/2014,01/08/2014,13,108.87,NA,E-2014-194,Occitanie,ADOUR-GARONNE,Lot,Superficielle
73_46_26,Lemboulas,Crise,02/08/2014,08/08/2014,6,108.87,NA,E-2014-214,Occitanie,ADOUR-GARONNE,Lot,Superficielle
73_46_26,Lemboulas,Crise,09/08/2014,15/08/2014,6,108.87,NA,E-2014-220,Occitanie,ADOUR-GARONNE,Lot,Superficielle
73_46_26,Lemboulas,Crise,16/08/2014,31/10/2014,76,108.87,NA,E-2014-224,Occitanie,ADOUR-GARONNE,Lot,Superficielle
73_46_26,Lemboulas,Crise,01/11/2014,30/11/2014,29,108.87,NA,E-2014-277,Occitanie,ADOUR-GARONNE,Lot,Superficielle
73_46_27,Lupte,Alerte,28/06/2014,04/07/2014,6,55.41,NA,E-2014-154,Occitanie,ADOUR-GARONNE,Lot,Superficielle
73_46_27,Lupte,Alerte,05/07/2014,18/07/2014,13,55.41,NA,E-2014-173,Occitanie,ADOUR-GARONNE,Lot,Superficielle
73_46_27,Lupte,Alerte,19/07/2014,01/08/2014,13,55.41,NA,E-2014-194,Occitanie,ADOUR-GARONNE,Lot,Superficielle
73_46_27,Lupte,Alerte,02/08/2014,08/08/2014,6,55.41,NA,E-2014-214,Occitanie,ADOUR-GARONNE,Lot,Superficielle
73_46_27,Lupte,Crise,09/08/2014,15/08/2014,6,55.41,NA,E-2014-220,Occitanie,ADOUR-GARONNE,Lot,Superficielle
73_46_27,Lupte,Crise,16/08/2014,31/10/2014,76,55.41,NA,E-2014-224,Occitanie,ADOUR-GARONNE,Lot,Superficielle
73_46_27,Lupte,Crise,01/11/2014,30/11/2014,29,55.41,NA,E-2014-277,Occitanie,ADOUR-GARONNE,Lot,Superficielle
73_46_28,Aynac,Alerte,02/08/2014,08/08/2014,6,27.91,NA,E-2014-214,Occitanie,ADOUR-GARONNE,Lot,Superficielle
73_46_28,Aynac,Crise,01/11/2014,30/11/2014,29,27.91,NA,E-2014-277,Occitanie,ADOUR-GARONNE,Lot,Superficielle
73_46_29,Ouysse,Alerte,02/08/2014,08/08/2014,6,251.5,NA,E-2014-214,Occitanie,ADOUR-GARONNE,Lot,Superficielle
73_46_29,Ouysse,Alerte renforcée,16/08/2014,31/10/2014,76,251.5,NA,E-2014-224,Occitanie,ADOUR-GARONNE,Lot,Superficielle
73_46_29,Ouysse,Crise,01/11/2014,30/11/2014,29,251.5,NA,E-2014-277,Occitanie,ADOUR-GARONNE,Lot,Superficielle
73_46_3,Borrèze,Crise,01/11/2014,30/11/2014,29,80.99,NA,E-2014-277,Occitanie,ADOUR-GARONNE,Lot,Superficielle
73_46_30,La Sagne,Crise,01/11/2014,30/11/2014,29,76.74,NA,E-2014-277,Occitanie,ADOUR-GARONNE,Lot,Superficielle
73_46_31,Alzou,Alerte,02/08/2014,08/08/2014,6,132.2,NA,E-2014-214,Occitanie,ADOUR-GARONNE,Lot,Superficielle
73_46_31,Alzou,Alerte,09/08/2014,15/08/2014,6,132.2,NA,E-2014-220,Occitanie,ADOUR-GARONNE,Lot,Superficielle
73_46_31,Alzou,Alerte renforcée,16/08/2014,31/10/2014,76,132.2,NA,E-2014-224,Occitanie,ADOUR-GARONNE,Lot,Superficielle
73_46_31,Alzou,Crise,01/11/2014,30/11/2014,29,132.2,NA,E-2014-277,Occitanie,ADOUR-GARONNE,Lot,Superficielle
73_46_33,Affluents du Lot,Alerte,19/07/2014,01/08/2014,13,1161.89,NA,E-2014-194,Occitanie,ADOUR-GARONNE,Lot,Superficielle
73_46_33,Affluents du Lot,Alerte,02/08/2014,08/08/2014,6,1161.89,NA,E-2014-214,Occitanie,ADOUR-GARONNE,Lot,Superficielle
73_46_33,Affluents du Lot,Alerte renforcée,09/08/2014,15/08/2014,6,1161.89,NA,E-2014-220,Occitanie,ADOUR-GARONNE,Lot,Superficielle
73_46_33,Affluents du Lot,Alerte renforcée,16/08/2014,31/10/2014,76,1161.89,NA,E-2014-224,Occitanie,ADOUR-GARONNE,Lot,Superficielle
73_46_4,Mamoul,Crise,01/11/2014,30/11/2014,29,54.7,NA,E-2014-277,Occitanie,ADOUR-GARONNE,Lot,Superficielle
73_46_5,Sourdoire,Alerte,16/08/2014,31/10/2014,76,14.44,NA,E-2014-224,Occitanie,ADOUR-GARONNE,Lot,Superficielle
73_46_5,Sourdoire,Alerte renforcée,09/08/2014,15/08/2014,6,14.44,NA,E-2014-220,Occitanie,ADOUR-GARONNE,Lot,Superficielle
73_46_5,Sourdoire,Crise,01/11/2014,30/11/2014,29,14.44,NA,E-2014-277,Occitanie,ADOUR-GARONNE,Lot,Superficielle
73_46_6,Séoune,Alerte renforcée,28/06/2014,04/07/2014,6,56.44,NA,E-2014-154,Occitanie,ADOUR-GARONNE,Lot,Superficielle
73_46_6,Séoune,Alerte renforcée,05/07/2014,18/07/2014,13,56.44,NA,E-2014-173,Occitanie,ADOUR-GARONNE,Lot,Superficielle
73_46_6,Séoune,Crise,19/07/2014,01/08/2014,13,56.44,NA,E-2014-194,Occitanie,ADOUR-GARONNE,Lot,Superficielle
73_46_6,Séoune,Crise,02/08/2014,08/08/2014,6,56.44,NA,E-2014-214,Occitanie,ADOUR-GARONNE,Lot,Superficielle
73_46_6,Séoune,Crise,09/08/2014,15/08/2014,6,56.44,NA,E-2014-220,Occitanie,ADOUR-GARONNE,Lot,Superficielle
73_46_6,Séoune,Crise,16/08/2014,31/10/2014,76,56.44,NA,E-2014-224,Occitanie,ADOUR-GARONNE,Lot,Superficielle
73_46_6,Séoune,Crise,01/11/2014,30/11/2014,29,56.44,NA,E-2014-277,Occitanie,ADOUR-GARONNE,Lot,Superficielle
73_46_7,Lère,Alerte renforcée,28/06/2014,04/07/2014,6,49.3,NA,E-2014-154,Occitanie,ADOUR-GARONNE,Lot,Superficielle
73_46_7,Lère,Crise,05/07/2014,18/07/2014,13,49.3,NA,E-2014-173,Occitanie,ADOUR-GARONNE,Lot,Superficielle
73_46_7,Lère,Crise,19/07/2014,01/08/2014,13,49.3,NA,E-2014-194,Occitanie,ADOUR-GARONNE,Lot,Superficielle
73_46_7,Lère,Crise,02/08/2014,08/08/2014,6,49.3,NA,E-2014-214,Occitanie,ADOUR-GARONNE,Lot,Superficielle
73_46_7,Lère,Crise,09/08/2014,15/08/2014,6,49.3,NA,E-2014-220,Occitanie,ADOUR-GARONNE,Lot,Superficielle
73_46_7,Lère,Crise,16/08/2014,31/10/2014,76,49.3,NA,E-2014-224,Occitanie,ADOUR-GARONNE,Lot,Superficielle
73_46_7,Lère,Crise,01/11/2014,30/11/2014,29,49.3,NA,E-2014-277,Occitanie,ADOUR-GARONNE,Lot,Superficielle
73_46_9,Vert aval - Masse,Crise,01/11/2014,30/11/2014,29,142.19,NA,E-2014-277,Occitanie,ADOUR-GARONNE,Lot,Superficielle
73_81_000004,TESCOU,Alerte renforcée,18/09/2014,31/10/2014,43,171.01,NA,2014_Tescou_1,Occitanie,ADOUR-GARONNE,Tarn,Superficielle
73_81_000006,L'AGROS,Alerte,03/09/2014,17/09/2014,14,63.02,NA,2014_Agros_3,Occitanie,ADOUR-GARONNE,Tarn,Superficielle
73_81_000006,L'AGROS,Alerte renforcée,11/06/2014,30/06/2014,19,63.02,NA,2014_Agros_1,Occitanie,ADOUR-GARONNE,Tarn,Superficielle
73_81_000006,L'AGROS,Alerte renforcée,18/09/2014,31/10/2014,43,63.02,NA,2014_Agros_4,Occitanie,ADOUR-GARONNE,Tarn,Superficielle
73_81_000006,L'AGROS,Vigilance,01/07/2014,02/09/2014,63,63.02,NA,2014_Agros_2,Occitanie,ADOUR-GARONNE,Tarn,Souterraine
73_81_000006,L'AGROS,Vigilance,01/07/2014,02/09/2014,63,63.02,NA,2014_Agros_2,Occitanie,ADOUR-GARONNE,Tarn,Superficielle
73_81_000007,L'ASSOU (Le Nandou),Alerte,11/06/2014,30/06/2014,19,116.92,NA,2014_Assou_1,Occitanie,ADOUR-GARONNE,Tarn,Superficielle
73_81_000007,L'ASSOU (Le Nandou),Alerte,27/08/2014,31/10/2014,65,116.92,NA,2014_Assou_3,Occitanie,ADOUR-GARONNE,Tarn,Superficielle
73_81_000007,L'ASSOU (Le Nandou),Vigilance,01/07/2014,26/08/2014,56,116.92,NA,2014_Assou_2,Occitanie,ADOUR-GARONNE,Tarn,Souterraine
73_81_000007,L'ASSOU (Le Nandou),Vigilance,01/07/2014,26/08/2014,56,116.92,NA,2014_Assou_2,Occitanie,ADOUR-GARONNE,Tarn,Superficielle
73_81_000007,L'ASSOU (Le Nandou),Vigilance,27/08/2014,31/10/2014,65,116.92,NA,2014_Assou_3,Occitanie,ADOUR-GARONNE,Tarn,Souterraine
73_81_000009,BAGAS,Alerte,17/06/2014,06/07/2014,19,98.96,NA,2014_Bagas_1,Occitanie,ADOUR-GARONNE,Tarn,Superficielle
73_81_000009,BAGAS,Alerte,08/08/2014,10/08/2014,2,98.96,NA,2014_Bagas_3,Occitanie,ADOUR-GARONNE,Tarn,Superficielle
73_81_000009,BAGAS,Alerte,27/08/2014,15/09/2014,19,98.96,NA,2014_Bagas_5,Occitanie,ADOUR-GARONNE,Tarn,Superficielle
73_81_000009,BAGAS,Vigilance,07/07/2014,07/08/2014,31,98.96,NA,2014_Bagas_2,Occitanie,ADOUR-GARONNE,Tarn,Souterraine
73_81_000009,BAGAS,Vigilance,07/07/2014,07/08/2014,31,98.96,NA,2014_Bagas_2,Occitanie,ADOUR-GARONNE,Tarn,Superficielle
73_81_000009,BAGAS,Vigilance,11/08/2014,26/08/2014,15,98.96,NA,2014_Bagas_4,Occitanie,ADOUR-GARONNE,Tarn,Superficielle
73_81_000009,BAGAS,Vigilance,16/09/2014,31/10/2014,45,98.96,NA,2014_Bagas_6,Occitanie,ADOUR-GARONNE,Tarn,Superficielle
73_81_000011,L'EN GUIBAUD,Crise,18/09/2014,31/10/2014,43,47.13,NA,2014_En_Guibaud_1,Occitanie,ADOUR-GARONNE,Tarn,Superficielle
73_82_12,Bassin de la Baye,Alerte,26/07/2014,01/08/2014,6,30.92,NA,2014-204-0001,Occitanie,ADOUR-GARONNE,Tarn-et-Garonne,Superficielle
73_82_12,Bassin de la Baye,Alerte,16/08/2014,22/08/2014,6,30.92,NA,2014-225-0012,Occitanie,ADOUR-GARONNE,Tarn-et-Garonne,Superficielle
73_82_12,Bassin de la Baye,Alerte,23/08/2014,29/08/2014,6,30.92,NA,2014-233-0001,Occitanie,ADOUR-GARONNE,Tarn-et-Garonne,Superficielle
73_82_12,Bassin de la Baye,Alerte,30/08/2014,12/09/2014,13,30.92,NA,2014-239-0007,Occitanie,ADOUR-GARONNE,Tarn-et-Garonne,Superficielle
73_82_12,Bassin de la Baye,Alerte,13/09/2014,19/09/2014,6,30.92,NA,2014-253-0002,Occitanie,ADOUR-GARONNE,Tarn-et-Garonne,Superficielle
73_82_12,Bassin de la Baye,Alerte,20/09/2014,31/10/2014,41,30.92,NA,2014-260-0002,Occitanie,ADOUR-GARONNE,Tarn-et-Garonne,Superficielle
73_82_12,Bassin de la Baye,Alerte renforcée,02/08/2014,08/08/2014,6,30.92,NA,2014-211-0003,Occitanie,ADOUR-GARONNE,Tarn-et-Garonne,Superficielle
73_82_12,Bassin de la Baye,Alerte renforcée,09/08/2014,15/08/2014,6,30.92,NA,2014-218-0003,Occitanie,ADOUR-GARONNE,Tarn-et-Garonne,Superficielle
73_82_13,Bassin de la Seye,Alerte,26/07/2014,01/08/2014,6,70.5,NA,2014-204-0001,Occitanie,ADOUR-GARONNE,Tarn-et-Garonne,Superficielle
73_82_13,Bassin de la Seye,Alerte,16/08/2014,22/08/2014,6,70.5,NA,2014-225-0012,Occitanie,ADOUR-GARONNE,Tarn-et-Garonne,Superficielle
73_82_13,Bassin de la Seye,Alerte,23/08/2014,29/08/2014,6,70.5,NA,2014-233-0001,Occitanie,ADOUR-GARONNE,Tarn-et-Garonne,Superficielle
73_82_13,Bassin de la Seye,Alerte,30/08/2014,12/09/2014,13,70.5,NA,2014-239-0007,Occitanie,ADOUR-GARONNE,Tarn-et-Garonne,Superficielle
73_82_13,Bassin de la Seye,Alerte,13/09/2014,19/09/2014,6,70.5,NA,2014-253-0002,Occitanie,ADOUR-GARONNE,Tarn-et-Garonne,Superficielle
73_82_13,Bassin de la Seye,Alerte,20/09/2014,31/10/2014,41,70.5,NA,2014-260-0002,Occitanie,ADOUR-GARONNE,Tarn-et-Garonne,Superficielle
73_82_13,Bassin de la Seye,Alerte renforcée,02/08/2014,08/08/2014,6,70.5,NA,2014-211-0003,Occitanie,ADOUR-GARONNE,Tarn-et-Garonne,Superficielle
73_82_13,Bassin de la Seye,Alerte renforcée,09/08/2014,15/08/2014,6,70.5,NA,2014-218-0003,Occitanie,ADOUR-GARONNE,Tarn-et-Garonne,Superficielle
73_82_15,Bassin de la Lère non réalimentée,Alerte,02/08/2014,08/08/2014,6,198.98,NA,2014-211-0003,Occitanie,ADOUR-GARONNE,Tarn-et-Garonne,Superficielle
73_82_15,Bassin de la Lère non réalimentée,Alerte renforcée,09/08/2014,15/08/2014,6,198.98,NA,2014-218-0003,Occitanie,ADOUR-GARONNE,Tarn-et-Garonne,Superficielle
73_82_15,Bassin de la Lère non réalimentée,Alerte renforcée,16/08/2014,22/08/2014,6,198.98,NA,2014-225-0012,Occitanie,ADOUR-GARONNE,Tarn-et-Garonne,Superficielle
73_82_15,Bassin de la Lère non réalimentée,Alerte renforcée,23/08/2014,29/08/2014,6,198.98,NA,2014-233-0001,Occitanie,ADOUR-GARONNE,Tarn-et-Garonne,Superficielle
73_82_15,Bassin de la Lère non réalimentée,Alerte renforcée,30/08/2014,12/09/2014,13,198.98,NA,2014-239-0007,Occitanie,ADOUR-GARONNE,Tarn-et-Garonne,Superficielle
73_82_15,Bassin de la Lère non réalimentée,Alerte renforcée,13/09/2014,19/09/2014,6,198.98,NA,2014-253-0002,Occitanie,ADOUR-GARONNE,Tarn-et-Garonne,Superficielle
73_82_15,Bassin de la Lère non réalimentée,Alerte renforcée,20/09/2014,31/10/2014,41,198.98,NA,2014-260-0002,Occitanie,ADOUR-GARONNE,Tarn-et-Garonne,Superficielle
73_82_19,Petits affluents de l'Aveyron,Alerte,02/08/2014,08/08/2014,6,514.92,NA,2014-211-0003,Occitanie,ADOUR-GARONNE,Tarn-et-Garonne,Superficielle
73_82_19,Petits affluents de l'Aveyron,Alerte,09/08/2014,15/08/2014,6,514.92,NA,2014-218-0003,Occitanie,ADOUR-GARONNE,Tarn-et-Garonne,Superficielle
73_82_19,Petits affluents de l'Aveyron,Alerte,16/08/2014,22/08/2014,6,514.92,NA,2014-225-0012,Occitanie,ADOUR-GARONNE,Tarn-et-Garonne,Superficielle
73_82_19,Petits affluents de l'Aveyron,Alerte,23/08/2014,29/08/2014,6,514.92,NA,2014-233-0001,Occitanie,ADOUR-GARONNE,Tarn-et-Garonne,Superficielle
73_82_19,Petits affluents de l'Aveyron,Alerte renforcée,30/08/2014,12/09/2014,13,514.92,NA,2014-239-0007,Occitanie,ADOUR-GARONNE,Tarn-et-Garonne,Superficielle
73_82_19,Petits affluents de l'Aveyron,Alerte renforcée,13/09/2014,19/09/2014,6,514.92,NA,2014-253-0002,Occitanie,ADOUR-GARONNE,Tarn-et-Garonne,Superficielle
73_82_19,Petits affluents de l'Aveyron,Alerte renforcée,20/09/2014,31/10/2014,41,514.92,NA,2014-260-0002,Occitanie,ADOUR-GARONNE,Tarn-et-Garonne,Superficielle
73_82_21,Bassin du Lemboulas amont,Alerte renforcée,28/06/2014,18/07/2014,20,145.06,NA,2014-176-0004,Occitanie,ADOUR-GARONNE,Tarn-et-Garonne,Superficielle
73_82_21,Bassin du Lemboulas amont,Alerte renforcée,19/07/2014,25/07/2014,6,145.06,NA,2014-197-0003,Occitanie,ADOUR-GARONNE,Tarn-et-Garonne,Superficielle
73_82_21,Bassin du Lemboulas amont,Alerte renforcée,26/07/2014,01/08/2014,6,145.06,NA,2014-204-0001,Occitanie,ADOUR-GARONNE,Tarn-et-Garonne,Superficielle
73_82_21,Bassin du Lemboulas amont,Alerte renforcée,02/08/2014,08/08/2014,6,145.06,NA,2014-211-0003,Occitanie,ADOUR-GARONNE,Tarn-et-Garonne,Superficielle
73_82_21,Bassin du Lemboulas amont,Alerte renforcée,09/08/2014,15/08/2014,6,145.06,NA,2014-218-0003,Occitanie,ADOUR-GARONNE,Tarn-et-Garonne,Superficielle
73_82_21,Bassin du Lemboulas amont,Crise,16/08/2014,22/08/2014,6,145.06,NA,2014-225-0012,Occitanie,ADOUR-GARONNE,Tarn-et-Garonne,Superficielle
73_82_21,Bassin du Lemboulas amont,Crise,23/08/2014,29/08/2014,6,145.06,NA,2014-233-0001,Occitanie,ADOUR-GARONNE,Tarn-et-Garonne,Superficielle
73_82_21,Bassin du Lemboulas amont,Crise,30/08/2014,12/09/2014,13,145.06,NA,2014-239-0007,Occitanie,ADOUR-GARONNE,Tarn-et-Garonne,Superficielle
73_82_21,Bassin du Lemboulas amont,Crise,13/09/2014,19/09/2014,6,145.06,NA,2014-253-0002,Occitanie,ADOUR-GARONNE,Tarn-et-Garonne,Superficielle
73_82_21,Bassin du Lemboulas amont,Crise,20/09/2014,31/10/2014,41,145.06,NA,2014-260-0002,Occitanie,ADOUR-GARONNE,Tarn-et-Garonne,Superficielle
73_82_22,Bassin du Lemboulas aval,Alerte,23/08/2014,29/08/2014,6,79.45,NA,2014-233-0001,Occitanie,ADOUR-GARONNE,Tarn-et-Garonne,Superficielle
73_82_22,Bassin du Lemboulas aval,Alerte,30/08/2014,12/09/2014,13,79.45,NA,2014-239-0007,Occitanie,ADOUR-GARONNE,Tarn-et-Garonne,Superficielle
73_82_22,Bassin du Lemboulas aval,Alerte,13/09/2014,19/09/2014,6,79.45,NA,2014-253-0002,Occitanie,ADOUR-GARONNE,Tarn-et-Garonne,Superficielle
73_82_22,Bassin du Lemboulas aval,Alerte,20/09/2014,31/10/2014,41,79.45,NA,2014-260-0002,Occitanie,ADOUR-GARONNE,Tarn-et-Garonne,Superficielle
73_82_23,Bassin Lupte-Lembous,Alerte renforcée,28/06/2014,18/07/2014,20,88.7,NA,2014-176-0004,Occitanie,ADOUR-GARONNE,Tarn-et-Garonne,Superficielle
73_82_23,Bassin Lupte-Lembous,Alerte renforcée,19/07/2014,25/07/2014,6,88.7,NA,2014-197-0003,Occitanie,ADOUR-GARONNE,Tarn-et-Garonne,Superficielle
73_82_23,Bassin Lupte-Lembous,Alerte renforcée,26/07/2014,01/08/2014,6,88.7,NA,2014-204-0001,Occitanie,ADOUR-GARONNE,Tarn-et-Garonne,Superficielle
73_82_23,Bassin Lupte-Lembous,Alerte renforcée,02/08/2014,08/08/2014,6,88.7,NA,2014-211-0003,Occitanie,ADOUR-GARONNE,Tarn-et-Garonne,Superficielle
73_82_23,Bassin Lupte-Lembous,Alerte renforcée,09/08/2014,15/08/2014,6,88.7,NA,2014-218-0003,Occitanie,ADOUR-GARONNE,Tarn-et-Garonne,Superficielle
73_82_23,Bassin Lupte-Lembous,Alerte renforcée,16/08/2014,22/08/2014,6,88.7,NA,2014-225-0012,Occitanie,ADOUR-GARONNE,Tarn-et-Garonne,Superficielle
73_82_23,Bassin Lupte-Lembous,Alerte renforcée,23/08/2014,29/08/2014,6,88.7,NA,2014-233-0001,Occitanie,ADOUR-GARONNE,Tarn-et-Garonne,Superficielle
73_82_23,Bassin Lupte-Lembous,Crise,30/08/2014,12/09/2014,13,88.7,NA,2014-239-0007,Occitanie,ADOUR-GARONNE,Tarn-et-Garonne,Superficielle
73_82_23,Bassin Lupte-Lembous,Crise,13/09/2014,19/09/2014,6,88.7,NA,2014-253-0002,Occitanie,ADOUR-GARONNE,Tarn-et-Garonne,Superficielle
73_82_23,Bassin Lupte-Lembous,Crise,20/09/2014,31/10/2014,41,88.7,NA,2014-260-0002,Occitanie,ADOUR-GARONNE,Tarn-et-Garonne,Superficielle
73_82_24,Bassin de la Barguelonne amont,Alerte renforcée,28/06/2014,18/07/2014,20,93.99,NA,2014-176-0004,Occitanie,ADOUR-GARONNE,Tarn-et-Garonne,Superficielle
73_82_24,Bassin de la Barguelonne amont,Alerte renforcée,19/07/2014,25/07/2014,6,93.99,NA,2014-197-0003,Occitanie,ADOUR-GARONNE,Tarn-et-Garonne,Superficielle
73_82_24,Bassin de la Barguelonne amont,Alerte renforcée,26/07/2014,01/08/2014,6,93.99,NA,2014-204-0001,Occitanie,ADOUR-GARONNE,Tarn-et-Garonne,Superficielle
73_82_24,Bassin de la Barguelonne amont,Alerte renforcée,02/08/2014,08/08/2014,6,93.99,NA,2014-211-0003,Occitanie,ADOUR-GARONNE,Tarn-et-Garonne,Superficielle
73_82_24,Bassin de la Barguelonne amont,Alerte renforcée,09/08/2014,15/08/2014,6,93.99,NA,2014-218-0003,Occitanie,ADOUR-GARONNE,Tarn-et-Garonne,Superficielle
73_82_24,Bassin de la Barguelonne amont,Alerte renforcée,16/08/2014,22/08/2014,6,93.99,NA,2014-225-0012,Occitanie,ADOUR-GARONNE,Tarn-et-Garonne,Superficielle
73_82_24,Bassin de la Barguelonne amont,Alerte renforcée,23/08/2014,29/08/2014,6,93.99,NA,2014-233-0001,Occitanie,ADOUR-GARONNE,Tarn-et-Garonne,Superficielle
73_82_24,Bassin de la Barguelonne amont,Crise,30/08/2014,12/09/2014,13,93.99,NA,2014-239-0007,Occitanie,ADOUR-GARONNE,Tarn-et-Garonne,Superficielle
73_82_24,Bassin de la Barguelonne amont,Crise,13/09/2014,19/09/2014,6,93.99,NA,2014-253-0002,Occitanie,ADOUR-GARONNE,Tarn-et-Garonne,Superficielle
73_82_24,Bassin de la Barguelonne amont,Crise,20/09/2014,31/10/2014,41,93.99,NA,2014-260-0002,Occitanie,ADOUR-GARONNE,Tarn-et-Garonne,Superficielle
73_82_25,Bassin de la Barguelonne aval,Alerte,30/08/2014,12/09/2014,13,117.82,NA,2014-239-0007,Occitanie,ADOUR-GARONNE,Tarn-et-Garonne,Superficielle
73_82_25,Bassin de la Barguelonne aval,Alerte,13/09/2014,19/09/2014,6,117.82,NA,2014-253-0002,Occitanie,ADOUR-GARONNE,Tarn-et-Garonne,Superficielle
73_82_25,Bassin de la Barguelonne aval,Alerte,20/09/2014,31/10/2014,41,117.82,NA,2014-260-0002,Occitanie,ADOUR-GARONNE,Tarn-et-Garonne,Superficielle
73_82_26,Bassin de la Petite Barguelonne,Alerte,19/07/2014,25/07/2014,6,75.83,NA,2014-197-0003,Occitanie,ADOUR-GARONNE,Tarn-et-Garonne,Superficielle
73_82_26,Bassin de la Petite Barguelonne,Alerte renforcée,26/07/2014,01/08/2014,6,75.83,NA,2014-204-0001,Occitanie,ADOUR-GARONNE,Tarn-et-Garonne,Superficielle
73_82_26,Bassin de la Petite Barguelonne,Alerte renforcée,02/08/2014,08/08/2014,6,75.83,NA,2014-211-0003,Occitanie,ADOUR-GARONNE,Tarn-et-Garonne,Superficielle
73_82_26,Bassin de la Petite Barguelonne,Alerte renforcée,09/08/2014,15/08/2014,6,75.83,NA,2014-218-0003,Occitanie,ADOUR-GARONNE,Tarn-et-Garonne,Superficielle
73_82_26,Bassin de la Petite Barguelonne,Alerte renforcée,16/08/2014,22/08/2014,6,75.83,NA,2014-225-0012,Occitanie,ADOUR-GARONNE,Tarn-et-Garonne,Superficielle
73_82_26,Bassin de la Petite Barguelonne,Alerte renforcée,23/08/2014,29/08/2014,6,75.83,NA,2014-233-0001,Occitanie,ADOUR-GARONNE,Tarn-et-Garonne,Superficielle
73_82_26,Bassin de la Petite Barguelonne,Alerte renforcée,30/08/2014,12/09/2014,13,75.83,NA,2014-239-0007,Occitanie,ADOUR-GARONNE,Tarn-et-Garonne,Superficielle
73_82_26,Bassin de la Petite Barguelonne,Alerte renforcée,13/09/2014,19/09/2014,6,75.83,NA,2014-253-0002,Occitanie,ADOUR-GARONNE,Tarn-et-Garonne,Superficielle
73_82_26,Bassin de la Petite Barguelonne,Alerte renforcée,20/09/2014,31/10/2014,41,75.83,NA,2014-260-0002,Occitanie,ADOUR-GARONNE,Tarn-et-Garonne,Superficielle
73_82_35,Bassin de la Sère,Alerte,26/07/2014,01/08/2014,6,141.55,NA,2014-204-0001,Occitanie,ADOUR-GARONNE,Tarn-et-Garonne,Superficielle
73_82_37,Petits affluents de la Garonne,Alerte,13/09/2014,19/09/2014,6,627.05,NA,2014-253-0002,Occitanie,ADOUR-GARONNE,Tarn-et-Garonne,Superficielle
73_82_37,Petits affluents de la Garonne,Alerte,20/09/2014,31/10/2014,41,627.05,NA,2014-260-0002,Occitanie,ADOUR-GARONNE,Tarn-et-Garonne,Superficielle
73_82_43,Bassin du Tescou non réalimenté,Alerte renforcée,20/09/2014,31/10/2014,41,58.99,NA,2014-260-0002,Occitanie,ADOUR-GARONNE,Tarn-et-Garonne,Superficielle
73_82_44,Petits affluents du Tarn,Alerte,30/08/2014,12/09/2014,13,417.51,NA,2014-239-0007,Occitanie,ADOUR-GARONNE,Tarn-et-Garonne,Superficielle
73_82_44,Petits affluents du Tarn,Alerte renforcée,13/09/2014,19/09/2014,6,417.51,NA,2014-253-0002,Occitanie,ADOUR-GARONNE,Tarn-et-Garonne,Superficielle
73_82_44,Petits affluents du Tarn,Alerte renforcée,20/09/2014,31/10/2014,41,417.51,NA,2014-260-0002,Occitanie,ADOUR-GARONNE,Tarn-et-Garonne,Superficielle
82_042_01,Fleuve Loire et sa nappe d'accompagnement à l'amont de la queue de retenue de Villerest,Vigilance,13/06/2014,30/09/2014,109,53.2,NA,DT-14-512,Auvergne-Rhône-Alpes,LOIRE-BRETAGNE,Loire,Superficielle
82_042_02,"Affluents de la Loire à l'amont de la confluence Furan : Dunière, l'Andrable, Semène, Ondaine, Furan",Vigilance,13/06/2014,30/09/2014,109,618.01,NA,DT-14-512,Auvergne-Rhône-Alpes,LOIRE-BRETAGNE,Loire,Superficielle
82_042_03,Fleuve Loire et sa nappe d'accompagnement à l'aval de la queue de retenue de Villerest,Vigilance,13/06/2014,30/09/2014,109,27.21,NA,DT-14-512,Auvergne-Rhône-Alpes,LOIRE-BRETAGNE,Loire,Superficielle
82_042_04,Affluents rive gauche de la Loire jusqu'au barrage de Villerest,Vigilance,13/06/2014,30/09/2014,109,1761.7,NA,DT-14-512,Auvergne-Rhône-Alpes,LOIRE-BRETAGNE,Loire,Superficielle
82_042_05,Affluents rive droite de la Loire de la confluence avec le Furan jusqu'au barrage de Villerest,Vigilance,13/06/2014,30/09/2014,109,667.75,NA,DT-14-512,Auvergne-Rhône-Alpes,LOIRE-BRETAGNE,Loire,Superficielle
82_042_06,"Affluents rive gauche de la Loire à l'aval du barrage de Villerest; Besbre, Malgoutte, Arcon, Urbise",Vigilance,13/06/2014,30/09/2014,109,557.67,NA,DT-14-512,Auvergne-Rhône-Alpes,LOIRE-BRETAGNE,Loire,Superficielle
82_042_07,Affluents rive droite de la Loire à l'aval du barrage de Villerest,Vigilance,13/06/2014,30/09/2014,109,545.0,NA,DT-14-512,Auvergne-Rhône-Alpes,LOIRE-BRETAGNE,Loire,Superficielle
82_042_08,Bassin versant du Gier dans le département,Vigilance,13/06/2014,30/09/2014,109,281.0,NA,DT-14-512,Auvergne-Rhône-Alpes,RHONE-MEDITERRANEE-CORSE,Loire,Superficielle
82_042_09,"Affluents du Rhône hors Gier, bassins versants Limony Cance hors Rhône et sa nappe d'accompagnement",Vigilance,13/06/2014,30/09/2014,109,292.29,NA,DT-14-512,Auvergne-Rhône-Alpes,RHONE-MEDITERRANEE-CORSE,Loire,Superficielle
82_07_000001,bassin de l'Ardèche,Alerte,20/06/2014,07/07/2014,17,2561.38,NA,2014-171-0002,Auvergne-Rhône-Alpes,RHONE-MEDITERRANEE-CORSE,Ardèche,Superficielle
82_07_000001,bassin de l'Ardèche,Alerte,08/07/2014,17/07/2014,9,2561.38,NA,2014-189-0003,Auvergne-Rhône-Alpes,RHONE-MEDITERRANEE-CORSE,Ardèche,Superficielle
82_07_000001,bassin de l'Ardèche,Alerte,03/09/2014,15/10/2014,42,2561.38,NA,2014-246-0003,Auvergne-Rhône-Alpes,RHONE-MEDITERRANEE-CORSE,Ardèche,Superficielle
82_07_000001,bassin de l'Ardèche,Vigilance,06/06/2014,19/06/2014,13,2561.38,NA,2014-157-0002,Auvergne-Rhône-Alpes,RHONE-MEDITERRANEE-CORSE,Ardèche,Superficielle
82_07_000001,bassin de l'Ardèche,Vigilance,18/07/2014,27/07/2014,9,2561.38,NA,2014-199-0003,Auvergne-Rhône-Alpes,RHONE-MEDITERRANEE-CORSE,Ardèche,Superficielle
82_07_000001,bassin de l'Ardèche,Vigilance,28/07/2014,02/09/2014,36,2561.38,NA,2014-209-0007,Auvergne-Rhône-Alpes,RHONE-MEDITERRANEE-CORSE,Ardèche,Superficielle
82_07_000002,bassin de la Cance,Alerte,08/07/2014,17/07/2014,9,338.75,NA,2014-189-0003,Auvergne-Rhône-Alpes,RHONE-MEDITERRANEE-CORSE,Ardèche,Superficielle
82_07_000002,bassin de la Cance,Alerte renforcée,20/06/2014,07/07/2014,17,338.75,NA,2014-171-0002,Auvergne-Rhône-Alpes,RHONE-MEDITERRANEE-CORSE,Ardèche,Superficielle
82_07_000002,bassin de la Cance,Vigilance,06/06/2014,19/06/2014,13,338.75,NA,2014-157-0002,Auvergne-Rhône-Alpes,RHONE-MEDITERRANEE-CORSE,Ardèche,Superficielle
82_07_000002,bassin de la Cance,Vigilance,18/07/2014,27/07/2014,9,338.75,NA,2014-199-0003,Auvergne-Rhône-Alpes,RHONE-MEDITERRANEE-CORSE,Ardèche,Superficielle
82_07_000002,bassin de la Cance,Vigilance,28/07/2014,02/09/2014,36,338.75,NA,2014-209-0007,Auvergne-Rhône-Alpes,RHONE-MEDITERRANEE-CORSE,Ardèche,Superficielle
82_07_000002,bassin de la Cance,Vigilance,03/09/2014,15/10/2014,42,338.75,NA,2014-246-0003,Auvergne-Rhône-Alpes,RHONE-MEDITERRANEE-CORSE,Ardèche,Superficielle
82_07_000003,bassin du Doux,Alerte,06/06/2014,19/06/2014,13,948.75,NA,2014-157-0002,Auvergne-Rhône-Alpes,RHONE-MEDITERRANEE-CORSE,Ardèche,Superficielle
82_07_000003,bassin du Doux,Alerte,18/07/2014,27/07/2014,9,948.75,NA,2014-199-0003,Auvergne-Rhône-Alpes,RHONE-MEDITERRANEE-CORSE,Ardèche,Superficielle
82_07_000003,bassin du Doux,Alerte,03/09/2014,15/10/2014,42,948.75,NA,2014-246-0003,Auvergne-Rhône-Alpes,RHONE-MEDITERRANEE-CORSE,Ardèche,Superficielle
82_07_000003,bassin du Doux,Alerte renforcée,20/06/2014,07/07/2014,17,948.75,NA,2014-171-0002,Auvergne-Rhône-Alpes,RHONE-MEDITERRANEE-CORSE,Ardèche,Superficielle
82_07_000003,bassin du Doux,Alerte renforcée,08/07/2014,17/07/2014,9,948.75,NA,2014-189-0003,Auvergne-Rhône-Alpes,RHONE-MEDITERRANEE-CORSE,Ardèche,Superficielle
82_07_000003,bassin du Doux,Vigilance,28/07/2014,02/09/2014,36,948.75,NA,2014-209-0007,Auvergne-Rhône-Alpes,RHONE-MEDITERRANEE-CORSE,Ardèche,Superficielle
82_07_000004,bassin de l'Eyrieux,Alerte,18/07/2014,27/07/2014,9,1230.75,NA,2014-199-0003,Auvergne-Rhône-Alpes,RHONE-MEDITERRANEE-CORSE,Ardèche,Superficielle
82_07_000004,bassin de l'Eyrieux,Alerte,03/09/2014,15/10/2014,42,1230.75,NA,2014-246-0003,Auvergne-Rhône-Alpes,RHONE-MEDITERRANEE-CORSE,Ardèche,Superficielle
82_07_000004,bassin de l'Eyrieux,Alerte renforcée,20/06/2014,07/07/2014,17,1230.75,NA,2014-171-0002,Auvergne-Rhône-Alpes,RHONE-MEDITERRANEE-CORSE,Ardèche,Superficielle
82_07_000004,bassin de l'Eyrieux,Alerte renforcée,08/07/2014,17/07/2014,9,1230.75,NA,2014-189-0003,Auvergne-Rhône-Alpes,RHONE-MEDITERRANEE-CORSE,Ardèche,Superficielle
82_07_000004,bassin de l'Eyrieux,Vigilance,06/06/2014,19/06/2014,13,1230.75,NA,2014-157-0002,Auvergne-Rhône-Alpes,RHONE-MEDITERRANEE-CORSE,Ardèche,Superficielle
82_07_000004,bassin de l'Eyrieux,Vigilance,28/07/2014,02/09/2014,36,1230.75,NA,2014-209-0007,Auvergne-Rhône-Alpes,RHONE-MEDITERRANEE-CORSE,Ardèche,Superficielle
82_07_000005,bassin de la Loire,Vigilance,06/06/2014,19/06/2014,13,487.72,NA,2014-157-0002,Auvergne-Rhône-Alpes,LOIRE-BRETAGNE,Ardèche,Superficielle
82_07_000005,bassin de la Loire,Vigilance,20/06/2014,07/07/2014,17,487.72,NA,2014-171-0002,Auvergne-Rhône-Alpes,LOIRE-BRETAGNE,Ardèche,Superficielle
82_07_000005,bassin de la Loire,Vigilance,08/07/2014,17/07/2014,9,487.72,NA,2014-189-0003,Auvergne-Rhône-Alpes,LOIRE-BRETAGNE,Ardèche,Superficielle
82_07_000005,bassin de la Loire,Vigilance,18/07/2014,27/07/2014,9,487.72,NA,2014-199-0003,Auvergne-Rhône-Alpes,LOIRE-BRETAGNE,Ardèche,Superficielle
82_07_000005,bassin de la Loire,Vigilance,28/07/2014,02/09/2014,36,487.72,NA,2014-209-0007,Auvergne-Rhône-Alpes,LOIRE-BRETAGNE,Ardèche,Superficielle
82_07_000005,bassin de la Loire,Vigilance,03/09/2014,15/10/2014,42,487.72,NA,2014-246-0003,Auvergne-Rhône-Alpes,LOIRE-BRETAGNE,Ardèche,Superficielle
82_07_01,zone non couverte par l'arrêté cadre,Vigilance,08/07/2014,17/07/2014,9,5564.18,NA,2014-189-0003,Auvergne-Rhône-Alpes,RHONE-MEDITERRANEE-CORSE,Ardèche,Souterraine
82_07_01,zone non couverte par l'arrêté cadre,Vigilance,03/09/2014,15/10/2014,42,5564.18,NA,2014-246-0003,Auvergne-Rhône-Alpes,RHONE-MEDITERRANEE-CORSE,Ardèche,Souterraine
82_26_000002,Galaure,Vigilance,10/06/2014,26/06/2014,16,169.77,NA,2014161_0005,Auvergne-Rhône-Alpes,RHONE-MEDITERRANEE-CORSE,Drôme,Superficielle
82_26_000002,Galaure,Vigilance,27/06/2014,10/07/2014,13,169.77,NA,2014178_0010,Auvergne-Rhône-Alpes,RHONE-MEDITERRANEE-CORSE,Drôme,Superficielle
82_26_000002,Galaure,Vigilance,11/07/2014,29/07/2014,18,169.77,NA,2014192_0001,Auvergne-Rhône-Alpes,RHONE-MEDITERRANEE-CORSE,Drôme,Superficielle
82_26_000002,Galaure,Vigilance,30/07/2014,15/10/2014,77,169.77,NA,2014201_0019,Auvergne-Rhône-Alpes,RHONE-MEDITERRANEE-CORSE,Drôme,Superficielle
82_26_000003,Drôme des Collines,Vigilance,10/06/2014,26/06/2014,16,508.65,NA,2014161_0005,Auvergne-Rhône-Alpes,RHONE-MEDITERRANEE-CORSE,Drôme,Superficielle
82_26_000003,Drôme des Collines,Vigilance,27/06/2014,10/07/2014,13,508.65,NA,2014178_0010,Auvergne-Rhône-Alpes,RHONE-MEDITERRANEE-CORSE,Drôme,Superficielle
82_26_000003,Drôme des Collines,Vigilance,11/07/2014,29/07/2014,18,508.65,NA,2014192_0001,Auvergne-Rhône-Alpes,RHONE-MEDITERRANEE-CORSE,Drôme,Superficielle
82_26_000003,Drôme des Collines,Vigilance,30/07/2014,15/10/2014,77,508.65,NA,2014201_0019,Auvergne-Rhône-Alpes,RHONE-MEDITERRANEE-CORSE,Drôme,Superficielle
82_26_000004,Plaine de Valence,Alerte,27/06/2014,10/07/2014,13,679.66,NA,2014178_0010,Auvergne-Rhône-Alpes,RHONE-MEDITERRANEE-CORSE,Drôme,Superficielle
82_26_000004,Plaine de Valence,Alerte,11/07/2014,29/07/2014,18,679.66,NA,2014192_0001,Auvergne-Rhône-Alpes,RHONE-MEDITERRANEE-CORSE,Drôme,Superficielle
82_26_000004,Plaine de Valence,Vigilance,10/06/2014,26/06/2014,16,679.66,NA,2014161_0005,Auvergne-Rhône-Alpes,RHONE-MEDITERRANEE-CORSE,Drôme,Superficielle
82_26_000004,Plaine de Valence,Vigilance,30/07/2014,15/10/2014,77,679.66,NA,2014201_0019,Auvergne-Rhône-Alpes,RHONE-MEDITERRANEE-CORSE,Drôme,Superficielle
82_26_000006,Bassin de la Drôme,Alerte,27/06/2014,10/07/2014,13,1854.39,NA,2014178_0010,Auvergne-Rhône-Alpes,RHONE-MEDITERRANEE-CORSE,Drôme,Souterraine
82_26_000006,Bassin de la Drôme,Alerte,11/07/2014,29/07/2014,18,1854.39,NA,2014192_0001,Auvergne-Rhône-Alpes,RHONE-MEDITERRANEE-CORSE,Drôme,Souterraine
82_26_000006,Bassin de la Drôme,Alerte,11/07/2014,29/07/2014,18,1854.39,NA,2014192_0001,Auvergne-Rhône-Alpes,RHONE-MEDITERRANEE-CORSE,Drôme,Superficielle
82_26_000006,Bassin de la Drôme,Alerte renforcée,27/06/2014,10/07/2014,13,1854.39,NA,2014178_0010,Auvergne-Rhône-Alpes,RHONE-MEDITERRANEE-CORSE,Drôme,Superficielle
82_26_000006,Bassin de la Drôme,Vigilance,10/06/2014,26/06/2014,16,1854.39,NA,2014161_0005,Auvergne-Rhône-Alpes,RHONE-MEDITERRANEE-CORSE,Drôme,Souterraine
82_26_000006,Bassin de la Drôme,Vigilance,10/06/2014,26/06/2014,16,1854.39,NA,2014161_0005,Auvergne-Rhône-Alpes,RHONE-MEDITERRANEE-CORSE,Drôme,Superficielle
82_26_000006,Bassin de la Drôme,Vigilance,30/07/2014,15/10/2014,77,1854.39,NA,2014201_0019,Auvergne-Rhône-Alpes,RHONE-MEDITERRANEE-CORSE,Drôme,Souterraine
82_26_000006,Bassin de la Drôme,Vigilance,30/07/2014,15/10/2014,77,1854.39,NA,2014201_0019,Auvergne-Rhône-Alpes,RHONE-MEDITERRANEE-CORSE,Drôme,Superficielle
82_26_000007,Roubion Jabron,Alerte,10/06/2014,26/06/2014,16,618.95,NA,2014161_0005,Auvergne-Rhône-Alpes,RHONE-MEDITERRANEE-CORSE,Drôme,Superficielle
82_26_000007,Roubion Jabron,Alerte,27/06/2014,10/07/2014,13,618.95,NA,2014178_0010,Auvergne-Rhône-Alpes,RHONE-MEDITERRANEE-CORSE,Drôme,Souterraine
82_26_000007,Roubion Jabron,Alerte,27/06/2014,10/07/2014,13,618.95,NA,2014178_0010,Auvergne-Rhône-Alpes,RHONE-MEDITERRANEE-CORSE,Drôme,Superficielle
82_26_000007,Roubion Jabron,Alerte,11/07/2014,29/07/2014,18,618.95,NA,2014192_0001,Auvergne-Rhône-Alpes,RHONE-MEDITERRANEE-CORSE,Drôme,Souterraine
82_26_000007,Roubion Jabron,Alerte,11/07/2014,29/07/2014,18,618.95,NA,2014192_0001,Auvergne-Rhône-Alpes,RHONE-MEDITERRANEE-CORSE,Drôme,Superficielle
82_26_000007,Roubion Jabron,Vigilance,10/06/2014,26/06/2014,16,618.95,NA,2014161_0005,Auvergne-Rhône-Alpes,RHONE-MEDITERRANEE-CORSE,Drôme,Souterraine
82_26_000007,Roubion Jabron,Vigilance,30/07/2014,15/10/2014,77,618.95,NA,2014201_0019,Auvergne-Rhône-Alpes,RHONE-MEDITERRANEE-CORSE,Drôme,Souterraine
82_26_000007,Roubion Jabron,Vigilance,30/07/2014,15/10/2014,77,618.95,NA,2014201_0019,Auvergne-Rhône-Alpes,RHONE-MEDITERRANEE-CORSE,Drôme,Superficielle
82_26_000008,Sud Drôme,Alerte,27/06/2014,10/07/2014,13,1885.82,NA,2014178_0010,Auvergne-Rhône-Alpes,RHONE-MEDITERRANEE-CORSE,Drôme,Souterraine
82_26_000008,Sud Drôme,Alerte,27/06/2014,10/07/2014,13,1885.82,NA,2014178_0010,Auvergne-Rhône-Alpes,RHONE-MEDITERRANEE-CORSE,Drôme,Superficielle
82_26_000008,Sud Drôme,Alerte,11/07/2014,29/07/2014,18,1885.82,NA,2014192_0001,Auvergne-Rhône-Alpes,RHONE-MEDITERRANEE-CORSE,Drôme,Souterraine
82_26_000008,Sud Drôme,Alerte,11/07/2014,29/07/2014,18,1885.82,NA,2014192_0001,Auvergne-Rhône-Alpes,RHONE-MEDITERRANEE-CORSE,Drôme,Superficielle
82_26_000008,Sud Drôme,Alerte,30/07/2014,15/10/2014,77,1885.82,NA,2014201_0019,Auvergne-Rhône-Alpes,RHONE-MEDITERRANEE-CORSE,Drôme,Souterraine
82_26_000008,Sud Drôme,Alerte,30/07/2014,15/10/2014,77,1885.82,NA,2014201_0019,Auvergne-Rhône-Alpes,RHONE-MEDITERRANEE-CORSE,Drôme,Superficielle
82_26_000008,Sud Drôme,Vigilance,10/06/2014,26/06/2014,16,1885.82,NA,2014161_0005,Auvergne-Rhône-Alpes,RHONE-MEDITERRANEE-CORSE,Drôme,Souterraine
82_26_000008,Sud Drôme,Vigilance,10/06/2014,26/06/2014,16,1885.82,NA,2014161_0005,Auvergne-Rhône-Alpes,RHONE-MEDITERRANEE-CORSE,Drôme,Superficielle
91_11_0005,Aude aval (partie dpt 11),Vigilance,17/06/2014,12/08/2014,56,1019.66,NA,2014163-0013,Occitanie,RHONE-MEDITERRANEE-CORSE,Aude,Superficielle
91_11_0005,Aude aval (partie dpt 11),Vigilance,13/08/2014,31/10/2014,79,1019.66,NA,2014220-0001,Occitanie,RHONE-MEDITERRANEE-CORSE,Aude,Superficielle
91_11_0006,Argent Double Ognon Aude Médiane  (partie dpt 11),Vigilance,17/06/2014,12/08/2014,56,286.11,NA,2014163-0013,Occitanie,RHONE-MEDITERRANEE-CORSE,Aude,Superficielle
91_11_0006,Argent Double Ognon Aude Médiane  (partie dpt 11),Vigilance,13/08/2014,31/10/2014,79,286.11,NA,2014220-0001,Occitanie,RHONE-MEDITERRANEE-CORSE,Aude,Superficielle
91_11_0007,Orbieu,Vigilance,17/06/2014,12/08/2014,56,1031.3,NA,2014163-0013,Occitanie,RHONE-MEDITERRANEE-CORSE,Aude,Superficielle
91_11_0007,Orbieu,Vigilance,13/08/2014,31/10/2014,79,1031.3,NA,2014220-0001,Occitanie,RHONE-MEDITERRANEE-CORSE,Aude,Superficielle
91_11_0010,Cesse et aude aval (partie dpt 11),Vigilance,17/06/2014,12/08/2014,56,107.81,NA,2014163-0013,Occitanie,RHONE-MEDITERRANEE-CORSE,Aude,Superficielle
91_11_0010,Cesse et aude aval (partie dpt 11),Vigilance,13/08/2014,31/10/2014,79,107.81,NA,2014220-0001,Occitanie,RHONE-MEDITERRANEE-CORSE,Aude,Superficielle
91_11_01,Nappe astienne (partie dpt11),Alerte,13/08/2014,31/10/2014,79,6.83,NA,2014220-0001,Occitanie,RHONE-MEDITERRANEE-CORSE,Aude,Souterraine
91_11_01,Nappe astienne (partie dpt11),Alerte renforcée,17/06/2014,12/08/2014,56,6.83,NA,2014163-0013,Occitanie,RHONE-MEDITERRANEE-CORSE,Aude,Souterraine
91_30_01,Calcaires urgoniens des garrigues du Gard - BV  Gardons,Alerte,04/07/2014,25/07/2014,21,788.19,NA,2014185-0008,Occitanie,RHONE-MEDITERRANEE-CORSE,Gard,Souterraine
91_30_01,Calcaires urgoniens des garrigues du Gard - BV  Gardons,Vigilance,11/06/2014,03/07/2014,22,788.19,NA,2014-162-0078,Occitanie,RHONE-MEDITERRANEE-CORSE,Gard,Souterraine
91_30_01,Calcaires urgoniens des garrigues du Gard - BV  Gardons,Vigilance,26/07/2014,31/08/2014,36,788.19,NA,2014-206-0008,Occitanie,RHONE-MEDITERRANEE-CORSE,Gard,Souterraine
91_30_0100,Dourbie,Vigilance,11/06/2014,03/07/2014,22,220.72,NA,2014-162-0078,Occitanie,ADOUR-GARONNE,Gard,Superficielle
91_30_0100,Dourbie,Vigilance,04/07/2014,25/07/2014,21,220.72,NA,2014185-0008,Occitanie,ADOUR-GARONNE,Gard,Superficielle
91_30_0100,Dourbie,Vigilance,26/07/2014,31/08/2014,36,220.72,NA,2014-206-0008,Occitanie,ADOUR-GARONNE,Gard,Superficielle
91_30_0110,Herault (partie dpt30),Vigilance,11/06/2014,03/07/2014,22,562.67,NA,2014-162-0078,Occitanie,RHONE-MEDITERRANEE-CORSE,Gard,Superficielle
91_30_0110,Herault (partie dpt30),Vigilance,04/07/2014,25/07/2014,21,562.67,NA,2014185-0008,Occitanie,RHONE-MEDITERRANEE-CORSE,Gard,Superficielle
91_30_0110,Herault (partie dpt30),Vigilance,26/07/2014,31/08/2014,36,562.67,NA,2014-206-0008,Occitanie,RHONE-MEDITERRANEE-CORSE,Gard,Superficielle
91_30_0120,Vidourle (partie dpt30),Vigilance,11/06/2014,03/07/2014,22,607.14,NA,2014-162-0078,Occitanie,RHONE-MEDITERRANEE-CORSE,Gard,Superficielle
91_30_0120,Vidourle (partie dpt30),Vigilance,04/07/2014,25/07/2014,21,607.14,NA,2014185-0008,Occitanie,RHONE-MEDITERRANEE-CORSE,Gard,Superficielle
91_30_0120,Vidourle (partie dpt30),Vigilance,26/07/2014,31/08/2014,36,607.14,NA,2014-206-0008,Occitanie,RHONE-MEDITERRANEE-CORSE,Gard,Superficielle
91_30_0130,Vistre,Vigilance,11/06/2014,03/07/2014,22,603.52,NA,2014-162-0078,Occitanie,RHONE-MEDITERRANEE-CORSE,Gard,Superficielle
91_30_0130,Vistre,Vigilance,04/07/2014,25/07/2014,21,603.52,NA,2014185-0008,Occitanie,RHONE-MEDITERRANEE-CORSE,Gard,Superficielle
91_30_0130,Vistre,Vigilance,26/07/2014,31/08/2014,36,603.52,NA,2014-206-0008,Occitanie,RHONE-MEDITERRANEE-CORSE,Gard,Superficielle
91_30_0140,Rhone_Camargue,Vigilance,11/06/2014,03/07/2014,22,929.11,NA,2014-162-0078,Occitanie,RHONE-MEDITERRANEE-CORSE,Gard,Superficielle
91_30_0140,Rhone_Camargue,Vigilance,04/07/2014,25/07/2014,21,929.11,NA,2014185-0008,Occitanie,RHONE-MEDITERRANEE-CORSE,Gard,Superficielle
91_30_0140,Rhone_Camargue,Vigilance,26/07/2014,31/08/2014,36,929.11,NA,2014-206-0008,Occitanie,RHONE-MEDITERRANEE-CORSE,Gard,Superficielle
91_30_0150,Gardon_aval,Vigilance,11/06/2014,03/07/2014,22,958.86,NA,2014-162-0078,Occitanie,RHONE-MEDITERRANEE-CORSE,Gard,Superficielle
91_30_0150,Gardon_aval,Vigilance,04/07/2014,25/07/2014,21,958.86,NA,2014185-0008,Occitanie,RHONE-MEDITERRANEE-CORSE,Gard,Superficielle
91_30_0150,Gardon_aval,Vigilance,26/07/2014,31/08/2014,36,958.86,NA,2014-206-0008,Occitanie,RHONE-MEDITERRANEE-CORSE,Gard,Superficielle
91_30_0160,Gardon_amont,Alerte,04/07/2014,25/07/2014,21,710.32,NA,2014185-0008,Occitanie,RHONE-MEDITERRANEE-CORSE,Gard,Superficielle
91_30_0160,Gardon_amont,Vigilance,11/06/2014,03/07/2014,22,710.32,NA,2014-162-0078,Occitanie,RHONE-MEDITERRANEE-CORSE,Gard,Superficielle
91_30_0160,Gardon_amont,Vigilance,26/07/2014,31/08/2014,36,710.32,NA,2014-206-0008,Occitanie,RHONE-MEDITERRANEE-CORSE,Gard,Superficielle
91_30_0170,Ceze_amont,Alerte,11/06/2014,03/07/2014,22,535.66,NA,2014-162-0078,Occitanie,RHONE-MEDITERRANEE-CORSE,Gard,Superficielle
91_30_0170,Ceze_amont,Alerte,04/07/2014,25/07/2014,21,535.66,NA,2014185-0008,Occitanie,RHONE-MEDITERRANEE-CORSE,Gard,Superficielle
91_30_0170,Ceze_amont,Vigilance,26/07/2014,31/08/2014,36,535.66,NA,2014-206-0008,Occitanie,RHONE-MEDITERRANEE-CORSE,Gard,Superficielle
91_30_0180,Ceze_aval,Alerte,11/06/2014,03/07/2014,22,602.8,NA,2014-162-0078,Occitanie,RHONE-MEDITERRANEE-CORSE,Gard,Superficielle
91_30_0180,Ceze_aval,Alerte,04/07/2014,25/07/2014,21,602.8,NA,2014185-0008,Occitanie,RHONE-MEDITERRANEE-CORSE,Gard,Superficielle
91_30_0180,Ceze_aval,Vigilance,26/07/2014,31/08/2014,36,602.8,NA,2014-206-0008,Occitanie,RHONE-MEDITERRANEE-CORSE,Gard,Superficielle
91_30_0190,Ardeche,Alerte,04/07/2014,25/07/2014,21,119.61,NA,2014185-0008,Occitanie,RHONE-MEDITERRANEE-CORSE,Gard,Superficielle
91_30_0190,Ardeche,Vigilance,11/06/2014,03/07/2014,22,119.61,NA,2014-162-0078,Occitanie,RHONE-MEDITERRANEE-CORSE,Gard,Superficielle
91_30_0190,Ardeche,Vigilance,26/07/2014,31/08/2014,36,119.61,NA,2014-206-0008,Occitanie,RHONE-MEDITERRANEE-CORSE,Gard,Superficielle
91_30_02,Vistrenque et Costières,Alerte,11/06/2014,03/07/2014,22,538.5,NA,2014-162-0078,Occitanie,RHONE-MEDITERRANEE-CORSE,Gard,Souterraine
91_30_02,Vistrenque et Costières,Alerte,04/07/2014,25/07/2014,21,538.5,NA,2014185-0008,Occitanie,RHONE-MEDITERRANEE-CORSE,Gard,Souterraine
91_30_02,Vistrenque et Costières,Alerte,26/07/2014,31/08/2014,36,538.5,NA,2014-206-0008,Occitanie,RHONE-MEDITERRANEE-CORSE,Gard,Souterraine
91_30_03,Molasses de Castries Sommières (partie dpt30),Vigilance,11/06/2014,03/07/2014,22,23.68,NA,2014-162-0078,Occitanie,RHONE-MEDITERRANEE-CORSE,Gard,Souterraine
91_30_03,Molasses de Castries Sommières (partie dpt30),Vigilance,04/07/2014,25/07/2014,21,23.68,NA,2014185-0008,Occitanie,RHONE-MEDITERRANEE-CORSE,Gard,Souterraine
91_30_03,Molasses de Castries Sommières (partie dpt30),Vigilance,26/07/2014,31/08/2014,36,23.68,NA,2014-206-0008,Occitanie,RHONE-MEDITERRANEE-CORSE,Gard,Souterraine
91_34_0001,Vidourle (dpt 34),Vigilance,25/04/2014,27/05/2014,32,175.01,NA,CP1,Occitanie,RHONE-MEDITERRANEE-CORSE,Hérault,Superficielle
91_34_0001,Vidourle (dpt 34),Vigilance,28/05/2014,27/07/2014,60,175.01,NA,DDTM34-2014-05-04024,Occitanie,RHONE-MEDITERRANEE-CORSE,Hérault,Superficielle
91_34_0001,Vidourle (dpt 34),Vigilance,28/07/2014,28/07/2014,0,175.01,NA,2014-0I-1196,Occitanie,RHONE-MEDITERRANEE-CORSE,Hérault,Superficielle
91_34_0001,Vidourle (dpt 34),Vigilance,29/07/2014,30/09/2014,63,175.01,NA,2014-OI-1318,Occitanie,RHONE-MEDITERRANEE-CORSE,Hérault,Superficielle
91_34_0002,Etang de l'Or,Alerte,28/05/2014,27/07/2014,60,397.01,NA,DDTM34-2014-05-04024,Occitanie,RHONE-MEDITERRANEE-CORSE,Hérault,Superficielle
91_34_0002,Etang de l'Or,Alerte,28/07/2014,28/07/2014,0,397.01,NA,2014-0I-1196,Occitanie,RHONE-MEDITERRANEE-CORSE,Hérault,Superficielle
91_34_0002,Etang de l'Or,Alerte,29/07/2014,30/09/2014,63,397.01,NA,2014-OI-1318,Occitanie,RHONE-MEDITERRANEE-CORSE,Hérault,Superficielle
91_34_0002,Etang de l'Or,Vigilance,25/04/2014,27/05/2014,32,397.01,NA,CP1,Occitanie,RHONE-MEDITERRANEE-CORSE,Hérault,Superficielle
91_34_0003,Affluents du  Lez et de la Mosson,Alerte,28/05/2014,27/07/2014,60,628.44,NA,DDTM34-2014-05-04024,Occitanie,RHONE-MEDITERRANEE-CORSE,Hérault,Superficielle
91_34_0003,Affluents du  Lez et de la Mosson,Alerte,28/07/2014,28/07/2014,0,628.44,NA,2014-0I-1196,Occitanie,RHONE-MEDITERRANEE-CORSE,Hérault,Superficielle
91_34_0003,Affluents du  Lez et de la Mosson,Alerte,29/07/2014,30/09/2014,63,628.44,NA,2014-OI-1318,Occitanie,RHONE-MEDITERRANEE-CORSE,Hérault,Superficielle
91_34_0003,Affluents du  Lez et de la Mosson,Vigilance,25/04/2014,27/05/2014,32,628.44,NA,CP1,Occitanie,RHONE-MEDITERRANEE-CORSE,Hérault,Superficielle
91_34_0004,Lez réalimenté,Alerte,28/05/2014,27/07/2014,60,1.18,NA,DDTM34-2014-05-04024,Occitanie,RHONE-MEDITERRANEE-CORSE,Hérault,Superficielle
91_34_0004,Lez réalimenté,Alerte,28/07/2014,28/07/2014,0,1.18,NA,2014-0I-1196,Occitanie,RHONE-MEDITERRANEE-CORSE,Hérault,Superficielle
91_34_0004,Lez réalimenté,Alerte,29/07/2014,30/09/2014,63,1.18,NA,2014-OI-1318,Occitanie,RHONE-MEDITERRANEE-CORSE,Hérault,Superficielle
91_34_0004,Lez réalimenté,Vigilance,25/04/2014,27/05/2014,32,1.18,NA,CP1,Occitanie,RHONE-MEDITERRANEE-CORSE,Hérault,Superficielle
91_34_0005,"Herault et affluents, amont confluence avec Vis jusqu'à l'amont prise d'eau canal Gignac (dpt34)",Alerte,28/05/2014,27/07/2014,60,639.97,NA,DDTM34-2014-05-04024,Occitanie,RHONE-MEDITERRANEE-CORSE,Hérault,Superficielle
91_34_0005,"Herault et affluents, amont confluence avec Vis jusqu'à l'amont prise d'eau canal Gignac (dpt34)",Alerte,28/07/2014,28/07/2014,0,639.97,NA,2014-0I-1196,Occitanie,RHONE-MEDITERRANEE-CORSE,Hérault,Superficielle
91_34_0005,"Herault et affluents, amont confluence avec Vis jusqu'à l'amont prise d'eau canal Gignac (dpt34)",Alerte,29/07/2014,30/09/2014,63,639.97,NA,2014-OI-1318,Occitanie,RHONE-MEDITERRANEE-CORSE,Hérault,Superficielle
91_34_0005,"Herault et affluents, amont confluence avec Vis jusqu'à l'amont prise d'eau canal Gignac (dpt34)",Vigilance,25/04/2014,27/05/2014,32,639.97,NA,CP1,Occitanie,RHONE-MEDITERRANEE-CORSE,Hérault,Superficielle
91_34_0006,Lergue,Alerte,28/05/2014,27/07/2014,60,425.54,NA,DDTM34-2014-05-04024,Occitanie,RHONE-MEDITERRANEE-CORSE,Hérault,Superficielle
91_34_0006,Lergue,Alerte,28/07/2014,28/07/2014,0,425.54,NA,2014-0I-1196,Occitanie,RHONE-MEDITERRANEE-CORSE,Hérault,Superficielle
91_34_0006,Lergue,Alerte,29/07/2014,30/09/2014,63,425.54,NA,2014-OI-1318,Occitanie,RHONE-MEDITERRANEE-CORSE,Hérault,Superficielle
91_34_0006,Lergue,Vigilance,25/04/2014,27/05/2014,32,425.54,NA,CP1,Occitanie,RHONE-MEDITERRANEE-CORSE,Hérault,Superficielle
91_34_0007,"Hérault et affluents hors Lergue, de l'amont de la prise d'eau du canal de Gignac jusqu'à l'embouc",Alerte,28/05/2014,27/07/2014,60,1414.36,NA,DDTM34-2014-05-04024,Occitanie,RHONE-MEDITERRANEE-CORSE,Hérault,Superficielle
91_34_0007,"Hérault et affluents hors Lergue, de l'amont de la prise d'eau du canal de Gignac jusqu'à l'embouc",Alerte,28/07/2014,28/07/2014,0,1414.36,NA,2014-0I-1196,Occitanie,RHONE-MEDITERRANEE-CORSE,Hérault,Superficielle
91_34_0007,"Hérault et affluents hors Lergue, de l'amont de la prise d'eau du canal de Gignac jusqu'à l'embouc",Alerte,29/07/2014,30/09/2014,63,1414.36,NA,2014-OI-1318,Occitanie,RHONE-MEDITERRANEE-CORSE,Hérault,Superficielle
91_34_0007,"Hérault et affluents hors Lergue, de l'amont de la prise d'eau du canal de Gignac jusqu'à l'embouc",Vigilance,25/04/2014,27/05/2014,32,1414.36,NA,CP1,Occitanie,RHONE-MEDITERRANEE-CORSE,Hérault,Superficielle
91_34_0010,Affluents de l'Orb de l'aval de la confluence avec le Vernazobre jusqu'à l'embouchure et Libron,Alerte,28/05/2014,27/07/2014,60,659.79,NA,DDTM34-2014-05-04024,Occitanie,RHONE-MEDITERRANEE-CORSE,Hérault,Superficielle
91_34_0010,Affluents de l'Orb de l'aval de la confluence avec le Vernazobre jusqu'à l'embouchure et Libron,Alerte,28/07/2014,28/07/2014,0,659.79,NA,2014-0I-1196,Occitanie,RHONE-MEDITERRANEE-CORSE,Hérault,Superficielle
91_34_0010,Affluents de l'Orb de l'aval de la confluence avec le Vernazobre jusqu'à l'embouchure et Libron,Alerte,29/07/2014,30/09/2014,63,659.79,NA,2014-OI-1318,Occitanie,RHONE-MEDITERRANEE-CORSE,Hérault,Superficielle
91_34_0010,Affluents de l'Orb de l'aval de la confluence avec le Vernazobre jusqu'à l'embouchure et Libron,Vigilance,25/04/2014,27/05/2014,32,659.79,NA,CP1,Occitanie,RHONE-MEDITERRANEE-CORSE,Hérault,Superficielle
91_34_0011,Affluents de l'Orb à l'amont de la confluence avec le Jaur,Alerte,28/05/2014,27/07/2014,60,565.37,NA,DDTM34-2014-05-04024,Occitanie,RHONE-MEDITERRANEE-CORSE,Hérault,Superficielle
91_34_0011,Affluents de l'Orb à l'amont de la confluence avec le Jaur,Vigilance,25/04/2014,27/05/2014,32,565.37,NA,CP1,Occitanie,RHONE-MEDITERRANEE-CORSE,Hérault,Superficielle
91_34_0011,Affluents de l'Orb à l'amont de la confluence avec le Jaur,Vigilance,28/07/2014,28/07/2014,0,565.37,NA,2014-0I-1196,Occitanie,RHONE-MEDITERRANEE-CORSE,Hérault,Superficielle
91_34_0011,Affluents de l'Orb à l'amont de la confluence avec le Jaur,Vigilance,29/07/2014,30/09/2014,63,565.37,NA,2014-OI-1318,Occitanie,RHONE-MEDITERRANEE-CORSE,Hérault,Superficielle
91_34_0012,Affluents de l'Orb de l'amont de la confluence avec le Jaur jusqu'à l'aval confluence avec Vernazob,Alerte,28/05/2014,27/07/2014,60,471.98,NA,DDTM34-2014-05-04024,Occitanie,RHONE-MEDITERRANEE-CORSE,Hérault,Superficielle
91_34_0012,Affluents de l'Orb de l'amont de la confluence avec le Jaur jusqu'à l'aval confluence avec Vernazob,Alerte,28/07/2014,28/07/2014,0,471.98,NA,2014-0I-1196,Occitanie,RHONE-MEDITERRANEE-CORSE,Hérault,Superficielle
91_34_0012,Affluents de l'Orb de l'amont de la confluence avec le Jaur jusqu'à l'aval confluence avec Vernazob,Vigilance,25/04/2014,27/05/2014,32,471.98,NA,CP1,Occitanie,RHONE-MEDITERRANEE-CORSE,Hérault,Superficielle
91_34_0012,Affluents de l'Orb de l'amont de la confluence avec le Jaur jusqu'à l'aval confluence avec Vernazob,Vigilance,29/07/2014,30/09/2014,63,471.98,NA,2014-OI-1318,Occitanie,RHONE-MEDITERRANEE-CORSE,Hérault,Superficielle
91_34_0013,Aude (partie dpt 34),Vigilance,25/04/2014,27/05/2014,32,595.73,NA,CP1,Occitanie,RHONE-MEDITERRANEE-CORSE,Hérault,Superficielle
91_34_0013,Aude (partie dpt 34),Vigilance,28/05/2014,27/07/2014,60,595.73,NA,DDTM34-2014-05-04024,Occitanie,RHONE-MEDITERRANEE-CORSE,Hérault,Superficielle
91_34_0013,Aude (partie dpt 34),Vigilance,28/07/2014,28/07/2014,0,595.73,NA,2014-0I-1196,Occitanie,RHONE-MEDITERRANEE-CORSE,Hérault,Superficielle
91_34_0013,Aude (partie dpt 34),Vigilance,29/07/2014,30/09/2014,63,595.73,NA,2014-OI-1318,Occitanie,RHONE-MEDITERRANEE-CORSE,Hérault,Superficielle
91_34_0014,Orb réalimenté,Alerte,28/05/2014,27/07/2014,60,3.95,NA,DDTM34-2014-05-04024,Occitanie,RHONE-MEDITERRANEE-CORSE,Hérault,Superficielle
91_34_0014,Orb réalimenté,Alerte,29/07/2014,30/09/2014,63,3.95,NA,2014-OI-1318,Occitanie,RHONE-MEDITERRANEE-CORSE,Hérault,Superficielle
91_34_0014,Orb réalimenté,Vigilance,25/04/2014,27/05/2014,32,3.95,NA,CP1,Occitanie,RHONE-MEDITERRANEE-CORSE,Hérault,Superficielle
91_34_0014,Orb réalimenté,Vigilance,28/07/2014,28/07/2014,0,3.95,NA,2014-0I-1196,Occitanie,RHONE-MEDITERRANEE-CORSE,Hérault,Superficielle
91_34_01,Nappe astienne (partie dpt34),Alerte,28/07/2014,28/07/2014,0,478.64,NA,2014-0I-1196,Occitanie,RHONE-MEDITERRANEE-CORSE,Hérault,Souterraine
91_34_01,Nappe astienne (partie dpt34),Alerte,29/07/2014,30/09/2014,63,478.64,NA,2014-OI-1318,Occitanie,RHONE-MEDITERRANEE-CORSE,Hérault,Souterraine
91_34_01,Nappe astienne (partie dpt34),Alerte renforcée,28/05/2014,27/07/2014,60,478.64,NA,DDTM34-2014-05-04024,Occitanie,RHONE-MEDITERRANEE-CORSE,Hérault,Souterraine
91_34_01,Nappe astienne (partie dpt34),Vigilance,25/04/2014,27/05/2014,32,478.64,NA,CP1,Occitanie,RHONE-MEDITERRANEE-CORSE,Hérault,Souterraine
91_34_02,Molasses de Castries Sommières (partie dpt34),Vigilance,25/04/2014,27/05/2014,32,140.52,NA,CP1,Occitanie,RHONE-MEDITERRANEE-CORSE,Hérault,Souterraine
91_34_02,Molasses de Castries Sommières (partie dpt34),Vigilance,28/05/2014,27/07/2014,60,140.52,NA,DDTM34-2014-05-04024,Occitanie,RHONE-MEDITERRANEE-CORSE,Hérault,Souterraine
91_34_02,Molasses de Castries Sommières (partie dpt34),Vigilance,28/07/2014,28/07/2014,0,140.52,NA,2014-0I-1196,Occitanie,RHONE-MEDITERRANEE-CORSE,Hérault,Souterraine
91_34_02,Molasses de Castries Sommières (partie dpt34),Vigilance,29/07/2014,30/09/2014,63,140.52,NA,2014-OI-1318,Occitanie,RHONE-MEDITERRANEE-CORSE,Hérault,Souterraine
91_48_0001,Allier,Vigilance,30/06/2014,17/07/2014,17,699.19,NA,2014181-0003,Occitanie,LOIRE-BRETAGNE,Lozère,Superficielle
91_48_0001,Allier,Vigilance,18/07/2014,07/08/2014,20,699.19,NA,2014199-0003,Occitanie,LOIRE-BRETAGNE,Lozère,Superficielle
91_48_0002,Chassezac  (y compris amont bv Luech),Vigilance,30/06/2014,17/07/2014,17,396.98,NA,2014181-0003,Occitanie,RHONE-MEDITERRANEE-CORSE,Lozère,Superficielle
91_48_0002,Chassezac  (y compris amont bv Luech),Vigilance,18/07/2014,07/08/2014,20,396.98,NA,2014199-0003,Occitanie,RHONE-MEDITERRANEE-CORSE,Lozère,Superficielle
91_48_0002,Chassezac  (y compris amont bv Luech),Vigilance,08/08/2014,12/10/2014,65,396.98,NA,2014220-0001,Occitanie,RHONE-MEDITERRANEE-CORSE,Lozère,Superficielle
91_48_0003,Colagne,Vigilance,30/06/2014,17/07/2014,17,470.18,NA,2014181-0003,Occitanie,ADOUR-GARONNE,Lozère,Superficielle
91_48_0003,Colagne,Vigilance,18/07/2014,07/08/2014,20,470.18,NA,2014199-0003,Occitanie,ADOUR-GARONNE,Lozère,Superficielle
91_48_0004,Gardons cévenols (partie dpt48),Vigilance,30/06/2014,17/07/2014,17,356.18,NA,2014181-0003,Occitanie,RHONE-MEDITERRANEE-CORSE,Lozère,Superficielle
91_48_0004,Gardons cévenols (partie dpt48),Vigilance,18/07/2014,07/08/2014,20,356.18,NA,2014199-0003,Occitanie,RHONE-MEDITERRANEE-CORSE,Lozère,Superficielle
91_48_0004,Gardons cévenols (partie dpt48),Vigilance,08/08/2014,12/10/2014,65,356.18,NA,2014220-0001,Occitanie,RHONE-MEDITERRANEE-CORSE,Lozère,Superficielle
91_48_0005,Truyère,Vigilance,30/06/2014,17/07/2014,17,1020.95,NA,2014181-0003,Occitanie,ADOUR-GARONNE,Lozère,Superficielle
91_48_0005,Truyère,Vigilance,18/07/2014,07/08/2014,20,1020.95,NA,2014199-0003,Occitanie,ADOUR-GARONNE,Lozère,Superficielle
91_48_0006,Lot,Vigilance,30/06/2014,17/07/2014,17,744.66,NA,2014181-0003,Occitanie,ADOUR-GARONNE,Lozère,Superficielle
91_48_0006,Lot,Vigilance,18/07/2014,07/08/2014,20,744.66,NA,2014199-0003,Occitanie,ADOUR-GARONNE,Lozère,Superficielle
91_48_0007,Bramont,Vigilance,30/06/2014,17/07/2014,17,162.84,NA,2014181-0003,Occitanie,ADOUR-GARONNE,Lozère,Superficielle
91_48_0007,Bramont,Vigilance,18/07/2014,07/08/2014,20,162.84,NA,2014199-0003,Occitanie,ADOUR-GARONNE,Lozère,Superficielle
91_48_0008,Tarn,Vigilance,30/06/2014,17/07/2014,17,1106.96,NA,2014181-0003,Occitanie,ADOUR-GARONNE,Lozère,Superficielle
91_48_0008,Tarn,Vigilance,18/07/2014,07/08/2014,20,1106.96,NA,2014199-0003,Occitanie,ADOUR-GARONNE,Lozère,Superficielle
91_48_0009,Tarnon,Vigilance,30/06/2014,17/07/2014,17,214.9,NA,2014181-0003,Occitanie,ADOUR-GARONNE,Lozère,Superficielle
91_48_0009,Tarnon,Vigilance,18/07/2014,07/08/2014,20,214.9,NA,2014199-0003,Occitanie,ADOUR-GARONNE,Lozère,Superficielle
91_48_0010,Axe Colagne réalimenté,Alerte,30/06/2014,17/07/2014,17,4.28,NA,2014181-0003,Occitanie,ADOUR-GARONNE,Lozère,Superficielle
91_48_0010,Axe Colagne réalimenté,Vigilance,18/07/2014,07/08/2014,20,4.28,NA,2014199-0003,Occitanie,ADOUR-GARONNE,Lozère,Superficielle
93_05_1,Bassin de l'Eygues-Oule,Alerte,08/07/2014,30/09/2014,84,169.46,NA,2014-189-0016,Provence-Alpes-Côte d'Azur,RHONE-MEDITERRANEE-CORSE,Hautes-Alpes,Superficielle
93_05_2,Bassin du Buëch,Vigilance,13/06/2014,30/09/2014,109,1137.1,NA,2014-164-0003,Provence-Alpes-Côte d'Azur,RHONE-MEDITERRANEE-CORSE,Hautes-Alpes,Superficielle
93_05_3,Bassin du Drac-Gapençais,Vigilance,13/06/2014,30/09/2014,109,718.82,NA,2014-164-0003,Provence-Alpes-Côte d'Azur,RHONE-MEDITERRANEE-CORSE,Hautes-Alpes,Superficielle
93_84_1,Secteur 1 - Le Rhône,Vigilance,03/07/2014,26/08/2014,54,157.85,NA,2014184-0007,Provence-Alpes-Côte d'Azur,RHONE-MEDITERRANEE-CORSE,Vaucluse,Superficielle
93_84_10,Secteur 10 - Ouvèze,Vigilance,03/07/2014,26/08/2014,54,442.29,NA,2014184-0007,Provence-Alpes-Côte d'Azur,RHONE-MEDITERRANEE-CORSE,Vaucluse,Superficielle
93_84_11,Secteur 11 - Sud Ouest du Mont Ventoux,Vigilance,03/07/2014,26/08/2014,54,487.66,NA,2014184-0007,Provence-Alpes-Côte d'Azur,RHONE-MEDITERRANEE-CORSE,Vaucluse,Superficielle
93_84_12,Secteur 12 - Nesque,Vigilance,03/07/2014,26/08/2014,54,322.56,NA,2014184-0007,Provence-Alpes-Côte d'Azur,RHONE-MEDITERRANEE-CORSE,Vaucluse,Superficielle
93_84_3,Secteur 3 - Durance naturelle,Vigilance,03/07/2014,26/08/2014,54,155.34,NA,2014184-0007,Provence-Alpes-Côte d'Azur,RHONE-MEDITERRANEE-CORSE,Vaucluse,Superficielle
93_84_4,Secteur 4 - Sorgues,Vigilance,03/07/2014,26/08/2014,54,226.27,NA,2014184-0007,Provence-Alpes-Côte d'Azur,RHONE-MEDITERRANEE-CORSE,Vaucluse,Superficielle
93_84_5,Secteur 5 - Meyne,Vigilance,03/07/2014,26/08/2014,54,64.95,NA,2014184-0007,Provence-Alpes-Côte d'Azur,RHONE-MEDITERRANEE-CORSE,Vaucluse,Superficielle
93_84_6,Secteur 6 - Lez,Vigilance,03/07/2014,26/08/2014,54,184.67,NA,2014184-0007,Provence-Alpes-Côte d'Azur,RHONE-MEDITERRANEE-CORSE,Vaucluse,Superficielle
93_84_7,Secteur 7 - Sud Luberon,Vigilance,03/07/2014,26/08/2014,54,566.32,NA,2014184-0007,Provence-Alpes-Côte d'Azur,RHONE-MEDITERRANEE-CORSE,Vaucluse,Superficielle
93_84_8,Secteur 8 - Calavon,Vigilance,03/07/2014,26/08/2014,54,746.59,NA,2014184-0007,Provence-Alpes-Côte d'Azur,RHONE-MEDITERRANEE-CORSE,Vaucluse,Superficielle
93_84_9,Secteur 9 - L'Aygues,Vigilance,03/07/2014,26/08/2014,54,221.24,NA,2014184-0007,Provence-Alpes-Côte d'Azur,RHONE-MEDITERRANEE-CORSE,Vaucluse,Superficielle
